PlayerID,TeamID,PlayerNo,PlayerNameE,PlayerNameJ,kWAR,OFFApps,DEFApps,RatingOFF,RatingDEF,HensatiOFF,HensatiDEF,HensatiOFF_abvRep,HensatiDEF_abvRep,Team,League,Division,Order,Rating,Matches,Wins,Loses,ScoreFor,ScoreAgainst,ScoreDiff,WinTable_1,WinTable_2,WinTable_3,WinTable_4,WinTable_5,WinTable_6,WinTable_7,WinTable_8,WinTable_9,WinTable_10,WinTable_11,WinTable_12,WinTable_13,WinTable_14,WinTable_15,WinTable_16,WinTable_17,WinTable_18,WinTable_19,WinTable_20,WinTable_21,WinTable_22,WinTable_23,WinTable_24,WinTable_25,WinTable_26,WinTable_27,WinTable_28,WinTable_29,WinTable_30,WinTable_31,WinTable_32,WinTable_33,WinTable_34,WinTable_35,WinTable_36,WinTable_37,WinTable_38,WinTable_39,WinTable_40,Prob_PS,Prob_PSHome,AbvRpl_OFF,AbvRpl_DEF,AbvRpl_Total,AbvRpl_OFF_1,AbvRpl_DEF_1,AbvRpl_Total_1
51000209,706,0,Steve Zack,スティーブ・ザック,0.243542112716049,1071,1112,0.00653579889006952,0.0277704697913963,-3.19583143670776,-0.220044213234624,4.4786273967174,8.74139548245152,A東京,B1,東,10,0.0447617528002196,60,41,19,4891,4654,237,3,1,4,2,2,0,2,2,2,0,1,2,1,2,0,2,2,0,2,2,2,2,1,2,2,0,0,0,0,0,0,0,0,0,0,0,0,0,0,0,1,0,0.427032903950354,0.79067765962989,1.21771056358024,0.0856121892448395,0.159357950859275,0.244970140104115
30351,706,2,Sota Okura,大倉 颯太,1.57382358929108,2035,2036,0.0602064468547187,0.137420915954769,2.89915159035359,14.3203469820174,10.5736104237788,23.2817866777035,A東京,B1,東,10,0.0447617528002196,60,41,19,4891,4654,237,3,1,4,2,2,0,2,2,2,0,1,2,1,2,0,2,2,0,2,2,2,2,1,2,2,0,0,0,0,0,0,0,0,0,0,0,0,0,0,0,1,0,2.87605625105565,4.99306169539975,7.86911794645541,0.593552612777905,1.10795116434736,1.70150377712526
30349,706,5,Hiromu Nakamura,中村 浩陸,0.736925390850902,1371,1436,0.0891523631871733,0.0903107966361659,6.18632764355222,8.07322635355334,13.8607864769774,17.0346660492395,A東京,B1,東,10,0.0447617528002196,60,41,19,4891,4654,237,3,1,4,2,2,0,2,2,2,0,1,2,1,2,0,2,2,0,2,2,2,2,1,2,2,0,0,0,0,0,0,0,0,0,0,0,0,0,0,0,1,0,1.62016322590637,2.06446372834815,3.68462695425451,0.33112981237718,0.426544284834509,0.757674097211689
10815,706,9,Shuto Ando,安藤 周人,4.04553846504001,3549,3563,0.0798287416491846,0.0832697173132911,5.12751212371324,7.13953158646722,12.8019709571384,16.1009712821534,A東京,B1,東,10,0.0447617528002196,60,41,19,4891,4654,237,3,1,4,2,2,0,2,2,2,0,1,2,1,2,0,2,2,0,2,2,2,2,1,2,2,0,0,0,0,0,0,0,0,0,0,0,0,0,0,0,1,0,9.41287214049587,10.8148201847042,20.2276923252001,2.1329515898817,2.57462618999375,4.70757777987544
9031,706,10,Zack Baranski,ザック・バランスキー,1.92337707055678,2720,2748,0.058010695377416,0.0239561200778288,2.64979615133187,-0.725852797981579,10.324254984757,8.23558689770457,A東京,B1,東,10,0.0447617528002196,60,41,19,4891,4654,237,3,1,4,2,2,0,2,2,2,0,1,2,1,2,0,2,2,0,2,2,2,2,1,2,2,0,0,0,0,0,0,0,0,0,0,0,0,0,0,0,1,0,4.96658932494442,4.65029602783948,9.6168853527839,1.04840175759766,0.973711373442519,2.02211313104018
26921,706,11,Sebastian Saiz,セバスチャン・サイズ,5.845789869373,4122,4128,0.137684803487025,0.0893628420860432,11.6978019988515,7.94752116514429,19.3722608322767,16.9089608608304,A東京,B1,東,10,0.0447617528002196,60,41,19,4891,4654,237,3,1,4,2,2,0,2,2,2,0,1,2,1,2,0,2,2,0,2,2,2,2,1,2,2,0,0,0,0,0,0,0,0,0,0,0,0,0,0,0,1,0,15.1338944233066,14.0950549235584,29.228949346865,4.07600968344375,3.58160449653359,7.65761417997735
9032,706,13,Shohei Kikuchi,菊地 祥平,0.00408443518628529,151,169,-0.0237232262780063,0.0850369965622043,-6.63212765836546,7.37388477452596,1.0423311750597,16.3353244702121,A東京,B1,東,10,0.0447617528002196,60,41,19,4891,4654,237,3,1,4,2,2,0,2,2,2,0,1,2,1,2,0,2,2,0,2,2,2,2,1,2,2,0,0,0,0,0,0,0,0,0,0,0,0,0,0,0,1,0,0.00254866304337071,0.0178735128880557,0.0204221759314265,0.000509734798033689,0.0035753055818533,0.00408504037988699
51000509,706,17,Marcus Foster,マーカス・フォスター,6.11965768784073,4119,4229,0.130572903658226,0.114988231785275,10.8901555404887,11.3456212531498,18.5646143739139,20.307060948836,A東京,B1,東,10,0.0447617528002196,60,41,19,4891,4654,237,3,1,4,2,2,0,2,2,2,0,1,2,1,2,0,2,2,0,2,2,2,2,1,2,2,0,0,0,0,0,0,0,0,0,0,0,0,0,0,0,1,0,14.8305327290421,15.7677557101615,30.5982884392037,3.92483075812981,4.31117988146175,8.23601063959156
15838,706,21,Gen Hiraiwa,平岩 玄,0.121476531763858,704,749,0.0163201592019022,0.0440000670390282,-2.08469318343844,1.93211021184039,5.58976564998673,10.8935499075265,A東京,B1,東,10,0.0447617528002196,60,41,19,4891,4654,237,3,1,4,2,2,0,2,2,2,0,1,2,1,2,0,2,2,0,2,2,2,2,1,2,2,0,0,0,0,0,0,0,0,0,0,0,0,0,0,0,1,0,0.206136115736555,0.401246543082736,0.607382658819291,0.0412806394065547,0.0805992932513179,0.121879932657873
9044,706,25,Kohei Fukuzawa,福澤 晃平,0.404203931472781,1411,1555,0.0147825054411068,0.000306791299275303,-2.25931327708289,-3.86191383537081,5.41514555634228,5.09952586031534,A東京,B1,東,10,0.0447617528002196,60,41,19,4891,4654,237,3,1,4,2,2,0,2,2,2,0,1,2,1,2,0,2,2,0,2,2,2,2,1,2,2,0,0,0,0,0,0,0,0,0,0,0,0,0,0,0,1,0,0.850493010951374,1.17052664641253,2.02101965736391,0.171039756028115,0.236137027928392,0.407176783956508
8452,706,33,Ira Brown,アイラ・ブラウン,0.53652518662102,1755,1827,-0.0163991651361859,0.01649536326328,-5.80038759109522,-1.71519964053386,1.87407124232995,7.24624005515229,A東京,B1,東,10,0.0447617528002196,60,41,19,4891,4654,237,3,1,4,2,2,0,2,2,2,0,1,2,1,2,0,2,2,0,2,2,2,2,1,2,2,0,0,0,0,0,0,0,0,0,0,0,0,0,0,0,1,0,0.743220779518729,1.93940515358637,2.6826259331051,0.149048061693977,0.394682846125491,0.543730907819467
30348,706,75,Taiki Osakabe,小酒部 泰暉,4.77390022719613,3610,3635,0.10151161400096,0.131516918370078,7.58987738244938,13.5374369483516,15.2643362158745,22.4988766440377,A東京,B1,東,10,0.0447617528002196,60,41,19,4891,4654,237,3,1,4,2,2,0,2,2,2,0,1,2,1,2,0,2,2,0,2,2,2,2,1,2,2,0,0,0,0,0,0,0,0,0,0,0,0,0,0,0,1,0,10.8007114051567,13.068789730824,23.8695011359806,2.55510377256544,3.45427598560837,6.00937975817381
8589,703,6,Makoto Hiejima,比江島 慎,5.04694778482105,4022,3885,0.165693287516235,0.0347722926787966,14.8785207202688,0.708444884848742,22.552979553694,9.66988458053489,宇都宮,B1,東,5,0.0739954279488025,60,45,15,5130,4801,329,2,1,2,2,0,2,2,2,2,2,2,2,2,2,1,2,2,2,2,2,2,2,1,2,1,1,0,0,0,0,0,0,0,0,0,0,0,0,0,0,1,1,15.5432739799799,9.69146494412539,25.2347389241052,4.42389013474775,2.15955136161215,6.5834414963599
8497,703,9,Yusuke Endo,遠藤 祐亮,2.02395082083864,2668,2853,0.06790115758497,0.0232062156067777,3.77298362103671,-0.825295205647724,11.4474424544619,8.13614449003843,宇都宮,B1,東,5,0.0739954279488025,60,45,15,5130,4801,329,2,1,2,2,0,2,2,2,2,2,2,2,2,2,1,2,2,2,2,2,2,2,1,2,1,1,0,0,0,0,0,0,0,0,0,0,0,0,0,0,1,1,5.15372035504955,4.96603374914367,10.1197541041932,1.09553023852651,1.04278191816426,2.13831215669077
8726,703,10,Kosuke Takeuchi,竹内 公輔,0.916830973359858,1705,1896,0.0305106354937887,0.064618007922756,-0.473184557682091,4.66618870016051,7.20127427574307,13.6276283958467,宇都宮,B1,東,5,0.0739954279488025,60,45,15,5130,4801,329,2,1,2,2,0,2,2,2,2,2,2,2,2,2,1,2,2,2,2,2,2,2,1,2,1,1,0,0,0,0,0,0,0,0,0,0,0,0,0,0,1,1,1.52168260602087,3.06247226077842,4.58415486679929,0.308073501136358,0.638480001117412,0.946553502253769
10885,703,11,Blake Aoki,青木 ブレイク,-0.00162866733924984,115,142,-0.195511256440743,-0.129890547805841,-26.1408380578343,-21.1269620810353,-18.4663792244091,-12.1655223853491,宇都宮,B1,東,5,0.0739954279488025,60,45,15,5130,4801,329,2,1,2,2,0,2,2,2,2,2,2,2,2,2,1,2,2,2,2,2,2,2,1,2,1,1,0,0,0,0,0,0,0,0,0,0,0,0,0,0,1,1,-0.00477651639751784,-0.00336682029873134,-0.00814333669624918,-0.000955328127369332,-0.000673369766907981,-0.00162869789427731
5100000036,703,12,Shinji Takashima,高島 紳司,3.4846295011911,3014,2881,0.199239954158758,0.0600151445512625,18.6881703435664,4.05581786828908,26.3626291769916,13.0172575639752,宇都宮,B1,東,5,0.0739954279488025,60,45,15,5130,4801,329,2,1,2,2,0,2,2,2,2,2,2,2,2,2,1,2,2,2,2,2,2,2,1,2,1,1,0,0,0,0,0,0,0,0,0,0,0,0,0,0,1,1,10.8248891448645,6.59825836109101,17.4231475059555,2.85865408167767,1.4422931785175,4.30094726019517
8499,703,13,Hironori Watanabe,渡邉 裕規,0.00275123491691634,361,425,-0.0869218693269681,-0.0435202760959737,-13.8091354144567,-9.67367956150482,-6.13467658103156,-0.712239865818667,宇都宮,B1,東,5,0.0739954279488025,60,45,15,5130,4801,329,2,1,2,2,0,2,2,2,2,2,2,2,2,2,1,2,2,2,2,2,2,2,1,2,1,1,0,0,0,0,0,0,0,0,0,0,0,0,0,0,1,1,-0.0211082562582607,0.0348644308428424,0.0137561745845817,-0.00422186887919797,0.00697359375686472,0.00275172487766676
51000425,703,15,Yudai Ishikawa,石川 裕大,-0.00120170073107263,150,182,-0.144567659125879,-0.0723390370585554,-20.3555462317312,-13.4952422894307,-12.6810873983061,-4.5338025937446,宇都宮,B1,東,5,0.0739954279488025,60,45,15,5130,4801,329,2,1,2,2,0,2,2,2,2,2,2,2,2,2,1,2,2,2,2,2,2,2,1,2,1,1,0,0,0,0,0,0,0,0,0,0,0,0,0,0,1,1,-0.00694889945206645,0.000940395796703287,-0.00600850365536316,-0.00138982486027458,0.000188079235044608,-0.00120174562522997
51000461,703,17,Kaisei Hoshikawa,星川 開聖,0.077421060215623,607,589,0.0258141630429156,0.0311015521416116,-1.0065285913518,0.22167984873193,6.66793024207337,9.18311954441808,宇都宮,B1,東,5,0.0739954279488025,60,45,15,5130,4801,329,2,1,2,2,0,2,2,2,2,2,2,2,2,2,1,2,2,2,2,2,2,2,1,2,1,1,0,0,0,0,0,0,0,0,0,0,0,0,0,0,1,1,0.170469424374735,0.21663587670338,0.387105301078115,0.0341345138933716,0.0434158728887042,0.0775503867820758
8529,703,18,Seiji Ikaruga,鵤 誠司,0.964181209970942,1626,1663,0.122998200578698,0.0447512152192844,10.029951901152,2.03171754376363,17.7044107345772,10.9931572394498,宇都宮,B1,東,5,0.0739954279488025,60,45,15,5130,4801,329,2,1,2,2,0,2,2,2,2,2,2,2,2,2,1,2,2,2,2,2,2,2,1,2,1,1,0,0,0,0,0,0,0,0,0,0,0,0,0,0,1,1,2.7627428542685,2.05816319558621,4.82090604985471,0.578711750763625,0.421560390931844,1.00027214169547
33085,703,25,D.J. Newbill,D.J・ニュービル,7.36871642410188,4810,4813,0.17062226800748,0.0709601989900058,15.4382689918873,5.50720615498641,23.1127278253125,14.4686458506726,宇都宮,B1,東,5,0.0739954279488025,60,45,15,5130,4801,329,2,1,2,2,0,2,2,2,2,2,2,2,2,2,1,2,2,2,2,2,2,2,1,2,1,1,0,0,0,0,0,0,0,0,0,0,0,0,0,0,1,1,20.027224479411,16.8163576410984,36.8435821205094,6.42442808453273,4.34420394416258,10.7686320286953
8593,703,33,Gavin Edwards,ギャビン・エドワーズ,5.63261608441542,4061,3918,0.187812557948688,0.0666049256747614,17.3904445179018,4.92966744008195,25.064903351327,13.8911071357681,宇都宮,B1,東,5,0.0739954279488025,60,45,15,5130,4801,329,2,1,2,2,0,2,2,2,2,2,2,2,2,2,1,2,2,2,2,2,2,2,1,2,1,1,0,0,0,0,0,0,0,0,0,0,0,0,0,0,1,1,16.3619277002832,11.8011527217939,28.1630804220771,4.9393411958,2.79988543150123,7.73922662730123
18430,703,34,Grant Jerrett,グラント・ジェレット,3.04842527026424,2921,3065,0.168361363801643,0.0227891119101662,15.18151463391,-0.880605978471027,22.8559734673352,8.08083371721512,宇都宮,B1,東,5,0.0739954279488025,60,45,15,5130,4801,329,2,1,2,2,0,2,2,2,2,2,2,2,2,2,1,2,2,2,2,2,2,2,1,2,1,1,0,0,0,0,0,0,0,0,0,0,0,0,0,0,1,1,9.56551804701023,5.67660830431097,15.2421263513212,2.36731698239151,1.20029203929008,3.56760902168159
5100000081,703,42,Isaac Fotu,アイザック・フォトゥ,3.64279848806716,3549,3328,0.138415113470343,0.0150949119120067,11.7807379633241,-1.90090896694274,19.4551967967493,7.06053072874341,宇都宮,B1,東,5,0.0739954279488025,60,45,15,5130,4801,329,2,1,2,2,0,2,2,2,2,2,2,2,2,2,1,2,2,2,2,2,2,2,1,2,1,1,0,0,0,0,0,0,0,0,0,0,0,0,0,0,1,1,12.0179416187407,6.19605082159512,18.2139924403358,3.0367946057976,1.31095422930959,4.34774883510719
5100000069,700,1,Ray Parks Jr.,レイ・パークスジュニア,4.10540352028741,4100,4058,0.0953649328948031,-0.00280003393380584,6.89184375633289,-4.27389988599729,14.5663025897581,4.68753980968886,大阪,B1,西,21,-0.028720769058835,60,23,37,4868,4988,-120,1,0,1,0,0,0,3,1,0,0,1,2,1,3,1,0,3,0,1,1,0,1,2,1,0,0,0,0,0,0,0,0,0,0,0,0,0,0,0,0,0,0,13.023479806838,7.50353779459907,20.5270176014371,3.16936490171931,1.58627933903866,4.75564424075797
15817,700,4,Yasunori Aoki,青木 保憲,1.40903840098661,2200,2243,0.052855085773599,0.0515442562258192,2.06431126860572,2.93252075156124,9.73877010203088,11.8939604472474,大阪,B1,西,21,-0.028720769058835,60,23,37,4868,4988,-120,1,0,1,0,0,0,3,1,0,0,1,2,1,3,1,0,3,0,1,1,0,1,2,1,0,0,0,0,0,0,0,0,0,0,0,0,0,0,0,0,0,0,3.15332662688844,3.89186537804463,7.04519200493307,0.651384347409745,0.816955891771243,1.46834023918099
26886,700,5,Matt Bonds,マット・ボンズ,4.10802469290816,4684,4730,0.0563138858902514,-0.0261716124344112,2.45710190565709,-7.37312935691994,10.1315607390823,1.58831033876621,大阪,B1,西,21,-0.028720769058835,60,23,37,4868,4988,-120,1,0,1,0,0,0,3,1,0,0,1,2,1,3,1,0,3,0,1,1,0,1,2,1,0,0,0,0,0,0,0,0,0,0,0,0,0,0,0,0,0,0,13.2991954295794,7.24092803496141,20.5401234645408,3.08190988204625,1.50293052228824,4.58484040433449
5100000030,700,8,Yoshiya Uematsu,植松 義也,0.30573368089408,1786,1837,-0.0146713565944363,-0.0445401003387454,-5.6041730094693,-9.80891515752063,2.07028582395586,-0.847475461834478,大阪,B1,西,21,-0.028720769058835,60,23,37,4868,4988,-120,1,0,1,0,0,0,3,1,0,0,1,2,1,3,1,0,3,0,1,1,0,1,2,1,0,0,0,0,0,0,0,0,0,0,0,0,0,0,0,0,0,0,0.803815515816919,0.724852888653483,1.5286684044704,0.161256807010271,0.145312342846381,0.306569149856651
51000396,700,11,Ryan Luther,ライアン・ルーサー,4.04294465750477,4109,4126,0.0827132990277851,-0.00124540040290724,5.45509021210775,-4.06774495917792,13.1295490455329,4.89369473650823,大阪,B1,西,21,-0.028720769058835,60,23,37,4868,4988,-120,1,0,1,0,0,0,3,1,0,0,1,2,1,3,1,0,3,0,1,1,0,1,2,1,0,0,0,0,0,0,0,0,0,0,0,0,0,0,0,0,0,0,12.3316235575806,7.88309972994326,20.2147232875239,2.92113538100516,1.67331257918149,4.59444796018666
9033,700,15,Joji Takeuchi,竹内 譲次,0.936817773698668,2223,2424,-0.000482095116970257,0.00476683844519522,-3.99280234130345,-3.27048140148615,3.68165649212172,5.6909582942,大阪,B1,西,21,-0.028720769058835,60,23,37,4868,4988,-120,1,0,1,0,0,0,3,1,0,0,1,2,1,3,1,0,3,0,1,1,0,1,2,1,0,0,0,0,0,0,0,0,0,0,0,0,0,0,0,0,0,0,1.67918290960991,3.00490595888343,4.68408886849334,0.338771793987721,0.615525303167749,0.95429709715547
8690,700,20,Rei Goda,合田 怜,0.658287834644683,1471,1435,0.0541824747658481,0.0727893266784367,2.21505313003052,5.74976086467018,9.88951196345569,14.7112005603563,大阪,B1,西,21,-0.028720769058835,60,23,37,4868,4988,-120,1,0,1,0,0,0,3,1,0,0,1,2,1,3,1,0,3,0,1,1,0,1,2,1,0,0,0,0,0,0,0,0,0,0,0,0,0,0,0,0,0,0,1.43053903286673,1.86090014035669,3.29143917322341,0.290296862161252,0.382078588535306,0.672375450696558
20034,700,31,Makoto Kinoshita,木下 誠,1.40533232014559,2604,2779,0.0601034689896386,-0.0294843913265812,2.88745714723377,-7.81242625648527,10.5619159806589,1.14901343920088,大阪,B1,西,21,-0.028720769058835,60,23,37,4868,4988,-120,1,0,1,0,0,0,3,1,0,0,1,2,1,3,1,0,3,0,1,1,0,1,2,1,0,0,0,0,0,0,0,0,0,0,0,0,0,0,0,0,0,0,4.64341080887705,2.38325079185091,7.02666160072796,0.97755925154234,0.482044986864517,1.45960423840686
8568,700,35,Tatsuya Suzuki,鈴木 達也,1.16784172328435,2430,2531,0.0314016502822324,-0.0100190776855881,-0.371998523632313,-5.23119394068958,7.30246030979285,3.73024575499657,大阪,B1,西,21,-0.028720769058835,60,23,37,4868,4988,-120,1,0,1,0,0,0,3,1,0,0,1,2,1,3,1,0,3,0,1,1,0,1,2,1,0,0,0,0,0,0,0,0,0,0,0,0,0,0,0,0,0,0,3.11782914205199,2.72137947436976,5.83920861642175,0.639783871211097,0.554076323923195,1.19386019513429
51000294,700,52,Volodymyr Gerun,ヴォーディミル・ゲルン,1.86461620243583,2361,2224,0.079753329601355,0.0941568096606069,5.11894812888575,8.58323370759625,12.7934069623109,17.5446734032824,大阪,B1,西,21,-0.028720769058835,60,23,37,4868,4988,-120,1,0,1,0,0,0,3,1,0,0,1,2,1,3,1,0,3,0,1,1,0,1,2,1,0,0,0,0,0,0,0,0,0,0,0,0,0,0,0,0,0,0,4.42548415455736,4.89759685762177,9.32308101217913,0.93711437358607,1.0625467761084,1.99966114969447
5100000027,700,60,Seiga Sakamoto,坂本 聖芽,1.923779593016,2795,2771,0.0870774202450564,-0.0100208700869588,5.95069154646889,-5.23143162524099,13.6251503798941,3.73000807044516,大阪,B1,西,21,-0.028720769058835,60,23,37,4868,4988,-120,1,0,1,0,0,0,3,1,0,0,1,2,1,3,1,0,3,0,1,1,0,1,2,1,0,0,0,0,0,0,0,0,0,0,0,0,0,0,0,0,0,0,6.36136684335192,3.25753112172806,9.61889796507998,1.38877831478675,0.665621617947162,2.05439993273391
30398,700,88,Hayato Maki,牧 隼利,0.743619046537052,1887,1920,0.0398410158900295,-0.00580134562792451,0.586398516264974,-4.67189412731892,8.26085734969014,4.28954556836723,大阪,B1,西,21,-0.028720769058835,60,23,37,4868,4988,-120,1,0,1,0,0,0,3,1,0,0,1,2,1,3,1,0,3,0,1,1,0,1,2,1,0,0,0,0,0,0,0,0,0,0,0,0,0,0,0,0,0,0,2.06055329957535,1.65754193310991,3.71809523268526,0.419772344691435,0.33531165945916,0.755084004150596
51000160,697,1,Yante Maten,ヤンテ・メイテン,3.36380348689291,3221,3041,0.135439804877292,0.0455721600749167,11.4428539231154,2.14058038717458,19.1173127565406,11.1020200828607,三遠,B1,西,15,0.0398193519839052,60,36,24,5152,4986,166,2,1,2,1,1,0,0,2,2,2,1,2,2,2,0,0,2,2,3,1,1,1,1,1,2,2,0,0,0,0,0,0,0,0,0,0,0,0,0,0,0,0,10.1609981602705,6.65801927419403,16.8190174344645,2.46396374107081,1.44296160667534,3.90692534774615
51000516,697,4,Darius Days,ダリアス・デイズ,0.393284521160645,1188,1148,0.102384232241632,0.00233105645530213,7.68897425509197,-3.59348257693622,15.3634330885171,5.36795711874993,三遠,B1,西,15,0.0398193519839052,60,36,24,5152,4986,166,2,1,2,1,1,0,0,2,2,2,1,2,2,2,0,0,2,2,3,1,1,1,1,1,2,2,0,0,0,0,0,0,0,0,0,0,0,0,0,0,0,0,1.32038597606904,0.646036629734186,1.96642260580322,0.26916961234434,0.129829662699215,0.398999275043555
30513,697,5,Sota Oura,大浦 颯太,3.97531532348706,3979,3791,0.125767478611734,-0.0100569630474167,10.3444385572416,-5.23621779604845,18.0188973906668,3.7252218996377,三遠,B1,西,15,0.0398193519839052,60,36,24,5152,4986,166,2,1,2,1,1,0,0,2,2,2,1,2,2,2,0,0,2,2,3,1,1,1,1,1,2,2,0,0,0,0,0,0,0,0,0,0,0,0,0,0,0,0,13.8590425217705,6.01753409566475,19.8765766174353,3.57188460428886,1.2526829517114,4.82456755600026
20021,697,10,Hirotaka Yoshii,吉井 裕鷹,1.76221378354078,2646,2577,0.0712548529812962,0.0107554638883456,4.15383828357042,-2.47634914108927,11.8282971169956,6.48509055459688,三遠,B1,西,15,0.0398193519839052,60,36,24,5152,4986,166,2,1,2,1,1,0,0,2,2,2,1,2,2,2,0,0,2,2,3,1,1,1,1,1,2,2,0,0,0,0,0,0,0,0,0,0,0,0,0,0,0,0,5.19371488076053,3.61735403694337,8.8110689177039,1.10642108026691,0.746209366206436,1.85263044647334
51000481,697,11,Hideya Asai,浅井 英矢,0.266612851666094,957,1030,0.0882998193363088,0.00872402070786679,6.08951047256768,-2.7457322541418,13.7639693059928,6.21570744154435,三遠,B1,西,15,0.0398193519839052,60,36,24,5152,4986,166,2,1,2,1,1,0,0,2,2,2,1,2,2,2,0,0,2,2,3,1,1,1,1,1,2,2,0,0,0,0,0,0,0,0,0,0,0,0,0,0,0,0,0.776226922007893,0.556837336322577,1.33306425833047,0.156813706245139,0.111862180061207,0.268675886306346
51000236,697,14,Hayato Wakugawa,湧川 颯斗,2.58857900328888,3015,2873,0.0830155231674738,0.0410758287068654,5.48941159766256,1.54433641989023,13.1638704310877,10.5057761155764,三遠,B1,西,15,0.0398193519839052,60,36,24,5152,4986,166,2,1,2,1,1,0,0,2,2,2,1,2,2,2,0,0,2,2,3,1,1,1,1,1,2,2,0,0,0,0,0,0,0,0,0,0,0,0,0,0,0,0,7.14221066418683,5.80068435225756,12.9428950164444,1.57229544850418,1.24069722939775,2.81299267790193
9369,697,15,Tshilidzi Kawata,河田 チリジ,0.929040249867154,1839,1783,0.0426307134121009,0.0599107334766961,0.903204064408522,4.04197225322381,8.57766289783369,13.00341194891,三遠,B1,西,15,0.0398193519839052,60,36,24,5152,4986,166,2,1,2,1,1,0,0,2,2,2,1,2,2,2,0,0,2,2,3,1,1,1,1,1,2,2,0,0,0,0,0,0,0,0,0,0,0,0,0,0,0,0,2.01205882623872,2.63314242309705,4.64520124933577,0.409923382681416,0.545064830164777,0.954988212846194
51000454,697,20,Dai Nemoto,根本 大,1.76186126834205,2334,2349,0.108315806617136,0.0328734946864194,8.36257978275882,0.456651421384066,16.037038616184,9.41809111707022,三遠,B1,西,15,0.0398193519839052,60,36,24,5152,4986,166,2,1,2,1,1,0,0,2,2,2,1,2,2,2,0,0,2,2,3,1,1,1,1,1,2,2,0,0,0,0,0,0,0,0,0,0,0,0,0,0,0,0,5.10951487996421,3.69979146174602,8.80930634171023,1.10733865693989,0.769692645933937,1.87703130287383
30522,697,21,Yusuke Suzuki,鈴木 悠介,0.00139775879727485,99,117,-0.0099857939073477,0.0890071734542019,-5.07206791789583,7.90035709765708,2.60239091552933,16.8617967933432,三遠,B1,西,15,0.0398193519839052,60,36,24,5152,4986,166,2,1,2,1,1,0,0,2,2,2,1,2,2,2,0,0,2,2,3,1,1,1,1,1,2,2,0,0,0,0,0,0,0,0,0,0,0,0,0,0,0,0,0.000880749321570429,0.00610804466480383,0.00698879398637426,0.000176150074506802,0.00122165913227616,0.00139780920678296
5100000011,697,28,Kazuma Tsuya,津屋 一球,3.40830329971142,3766,3725,0.114485998336747,-0.0225958750457972,9.06328333732585,-6.89896238121543,16.737742170751,2.06247731447072,三遠,B1,西,15,0.0398193519839052,60,36,24,5152,4986,166,2,1,2,1,1,0,0,2,2,2,1,2,2,2,0,0,2,2,3,1,1,1,1,1,2,2,0,0,0,0,0,0,0,0,0,0,0,0,0,0,0,0,12.2138090805525,4.82770741800458,17.0415164985571,3.00601053725081,0.991189367410395,3.9971999046612
51000552,697,33,Junior Kodama,児玉 ジュニア,0.163823984182835,1176,1053,0.000165731702278753,-0.0260379949454105,-3.9192333866227,-7.35541077365304,3.75522544680247,1.6060289220331,三遠,B1,西,15,0.0398193519839052,60,36,24,5152,4986,166,2,1,2,1,1,0,0,2,2,2,1,2,2,2,0,0,2,2,3,1,1,1,1,1,2,2,0,0,0,0,0,0,0,0,0,0,0,0,0,0,0,0,0.465019809308635,0.354100111605541,0.819119920914177,0.0932241551700163,0.0709411395713401,0.164165294741356
33100,1638,2,Reynaldo Garcia,レイナルド・ガルシア,1.40751223919341,1924,1802,0.122735005083216,0.0904673548825557,10.0000627133259,8.09398703649628,17.6745215467511,17.0554267321824,佐賀,B1,西,24,0.0125217426662215,60,32,28,4938,4903,35,1,1,2,1,0,1,1,2,1,2,1,2,2,2,1,0,2,2,3,1,1,3,0,0,0,0,0,0,0,0,0,0,0,0,0,0,0,0,0,0,0,0,3.81528257530427,3.22227862066276,7.03756119596703,0.813928988084709,0.678582749817909,1.49251173790262
8496,1638,7,Kosuke Hashimoto,橋本 晃佑,0.00344903091004075,188,221,-0.0328122229131386,-0.0147736622893937,-7.66429854366272,-5.86168403470388,0.0101602897624478,3.09975566098227,佐賀,B1,西,24,0.0125217426662215,60,32,28,4938,4903,35,1,1,2,1,0,1,1,2,1,2,1,2,2,2,1,0,2,2,3,1,1,3,0,0,0,0,0,0,0,0,0,0,0,0,0,0,0,0,0,0,0,0,0.00329166979545723,0.0139534847547465,0.0172451545502038,0.000658337001847107,0.00279086469281694,0.00344920169466404
15756,1638,13,Ryo Abe,阿部 諒,4.57883877663437,4043,3979,0.0984198210192899,0.0331371734950782,7.23876506200788,0.491617015797465,14.913223895433,9.45305671148361,佐賀,B1,西,24,0.0125217426662215,60,32,28,4938,4903,35,1,1,2,1,0,1,1,2,1,2,1,2,2,2,1,0,2,2,3,1,1,3,0,0,0,0,0,0,0,0,0,0,0,0,0,0,0,0,0,0,0,0,12.8902337894875,10.0039600936844,22.8941938831719,3.14307419047122,2.23362205808584,5.37669624855706
8592,1638,14,Kosuke Kanamaru,金丸 晃輔,0.960733255265001,1815,1760,0.131487154726735,-0.0137030514408875,10.9939803489521,-5.7197137910811,18.6684391823773,3.24172590460505,佐賀,B1,西,24,0.0125217426662215,60,32,28,4938,4903,35,1,1,2,1,0,1,1,2,1,2,1,2,2,2,1,0,2,2,3,1,1,3,0,0,0,0,0,0,0,0,0,0,0,0,0,0,0,0,0,0,0,0,3.55957271683419,1.24409355949082,4.80366627632501,0.758210433574183,0.250719321791912,1.0089297553661
51000353,1638,18,Sori Uchio,内尾 聡理,1.49889606365407,2663,2654,0.0255579607522233,0.014931690655351,-1.03562361204714,-1.92255321013732,6.63883522137802,7.03888648554883,佐賀,B1,西,24,0.0125217426662215,60,32,28,4938,4903,35,1,1,2,1,0,1,1,2,1,2,1,2,2,2,1,0,2,2,3,1,1,3,0,0,0,0,0,0,0,0,0,0,0,0,0,0,0,0,0,0,0,0,3.49744083029443,3.9970394879759,7.49448031827033,0.718594089819293,0.828589445933351,1.54718353575264
18461,1638,20,Atsuki Kishida,岸田 篤生,0.134996457239605,759,750,0.0385046415237819,0.0307645865711563,0.434636251619984,0.176995933753128,8.10909508504515,9.13843562943928,佐賀,B1,西,24,0.0125217426662215,60,32,28,4938,4903,35,1,1,2,1,0,1,1,2,1,2,1,2,2,2,1,0,2,2,3,1,1,3,0,0,0,0,0,0,0,0,0,0,0,0,0,0,0,0,0,0,0,0,0.315422295637272,0.359559990560752,0.674982286198024,0.0632495011508848,0.0721627709643785,0.135412272115263
51000440,1638,21,Toshiki Tomiyama,富山 仁貴,0.087152285060486,649,684,0.0449069448783223,-0.00761349009697113,1.1616990272683,-4.91219674718233,8.83615786069347,4.04924294850382,佐賀,B1,西,24,0.0125217426662215,60,32,28,4938,4903,35,1,1,2,1,0,1,1,2,1,2,1,2,2,2,1,0,2,2,3,1,1,3,0,0,0,0,0,0,0,0,0,0,0,0,0,0,0,0,0,0,0,0,0.242271014151372,0.193490411151057,0.43576142530243,0.0485563943762551,0.0387448723504186,0.0873012667266737
51000480,1638,22,Tanner Groves,タナー・グローヴス,3.26229487509025,3627,3585,0.0878580019833337,-0.000143580212079363,6.03933650654405,-3.92163614556129,13.7137953399692,5.03980355012486,佐賀,B1,西,24,0.0125217426662215,60,32,28,4938,4903,35,1,1,2,1,0,1,1,2,1,2,1,2,2,2,1,0,2,2,3,1,1,3,0,0,0,0,0,0,0,0,0,0,0,0,0,0,0,0,0,0,0,0,10.2088443419147,6.10263003353654,16.3114743754513,2.35839344814958,1.27855270729817,3.63694615544775
51000271,1638,23,David Dudzinski,デイビッド・ダジンスキー,5.63193692362673,4721,4674,0.0956622577880867,0.0165119461937125,6.92560877029881,-1.71300063173738,14.600067603724,7.24843906394877,佐賀,B1,西,24,0.0125217426662215,60,32,28,4938,4903,35,1,1,2,1,0,1,1,2,1,2,1,2,2,2,1,0,2,2,3,1,1,3,0,0,0,0,0,0,0,0,0,0,0,0,0,0,0,0,0,0,0,0,16.3729864356174,11.7866981825163,28.1596846181337,4.20648543960155,2.63370075436009,6.84018619396164
51000111,1638,25,Taiki Sumida,角田 太輝,5.68978127087827,4573,4589,0.0942764570888604,0.0341281783228173,6.7682335184435,0.623030962351227,14.4426923518687,9.58447065803738,佐賀,B1,西,24,0.0125217426662215,60,32,28,4938,4903,35,1,1,2,1,0,1,1,2,1,2,1,2,2,2,1,0,2,2,3,1,1,3,0,0,0,0,0,0,0,0,0,0,0,0,0,0,0,0,0,0,0,0,15.4849991871241,12.9639071672673,28.4489063543914,3.91279573633035,2.99875407385228,6.91154981018263
26888,1638,34,Ryota Inoue,井上 諒汰,1.22972752317482,2144,2092,0.0865145948683337,0.0073168041825764,5.88677558404966,-2.93233868840709,13.5612344174748,6.02910100727905,佐賀,B1,西,24,0.0125217426662215,60,32,28,4938,4903,35,1,1,2,1,0,1,1,2,1,2,1,2,2,2,1,0,2,2,3,1,1,3,0,0,0,0,0,0,0,0,0,0,0,0,0,0,0,0,0,0,0,0,3.84112507675731,2.30751253911677,6.14863761587408,0.809076770206969,0.470263013316125,1.27933978352309
9063,1638,55,Josh Harrellson,ジョシュ・ハレルソン,2.44417102982246,2957,2738,0.0511199744889913,0.0802309399532068,1.86726736787413,6.73656914429833,9.5417262012993,15.6980088399845,佐賀,B1,西,24,0.0125217426662215,60,32,28,4938,4903,35,1,1,2,1,0,1,1,2,1,2,1,2,2,2,1,0,2,2,3,1,1,3,0,0,0,0,0,0,0,0,0,0,0,0,0,0,0,0,0,0,0,0,5.51144975633422,6.70940539277807,12.2208551491123,1.16626479044565,1.48852626065431,2.65479105109996
51000312,698,0,Zach Auguste,ザック・オーガスト,4.23732909279356,4437,4502,0.0370463918197601,0.0136517251287798,0.269033496067561,-2.0922853008308,7.94349232949273,6.86915439485535,滋賀,B1,西,19,-0.0444380745374146,60,23,37,4819,5097,-278,0,1,1,0,2,0,2,2,1,0,1,1,1,2,1,0,1,1,0,2,1,1,0,1,0,1,0,0,0,0,0,0,0,0,0,0,0,0,0,0,0,0,10.4363744220066,10.7502710419612,21.1866454639678,2.29393477719361,2.37076899713385,4.66470377432746
51000101,698,4,Ryan Kriener,ライアン・クリーナー,4.89910996748143,4572,4578,0.0453877446923522,0.0315643618357442,1.21629994633782,0.283051546131284,8.89075877976298,9.24449124181743,滋賀,B1,西,19,-0.0444380745374146,60,23,37,4819,5097,-278,0,1,1,0,2,0,2,2,1,0,1,1,1,2,1,0,1,1,0,2,1,1,0,1,0,1,0,0,0,0,0,0,0,0,0,0,0,0,0,0,0,0,11.7997494586905,12.6958003787167,24.4955498374072,2.65299237552351,2.91789126526381,5.57088364078732
22401,698,6,Taiki Okada,岡田 泰希,0.915293242420228,2439,2430,-0.0257637997204943,0.0181727492890549,-6.86386066270014,-1.49276690219483,0.81059817072503,7.46867279349132,滋賀,B1,西,19,-0.0444380745374146,60,23,37,4819,5097,-278,0,1,1,0,2,0,2,2,1,0,1,1,1,2,1,0,1,1,0,2,1,1,0,1,0,1,0,0,0,0,0,0,0,0,0,0,0,0,0,0,0,0,1.10547873717736,3.47098747492378,4.57646621210114,0.221784435425352,0.716837205001261,0.938621640426612
51000382,698,7,Ai-Che Yu,游 艾喆,4.06734505550806,4251,4299,0.0501684969722408,0.01049157163399,1.75921502389936,-2.51134303984651,9.43367385732453,6.45009665583964,滋賀,B1,西,19,-0.0444380745374146,60,23,37,4819,5097,-278,0,1,1,0,2,0,2,2,1,0,1,1,1,2,1,0,1,1,0,2,1,1,0,1,0,1,0,0,0,0,0,0,0,0,0,0,0,0,0,0,0,0,10.7362438084011,9.60048146913922,20.3367252775403,2.39992266729611,2.08825621414644,4.48817888144255
51000470,698,14,Yosei Nishida,西田 陽成,2.32072804408388,2694,2762,0.0669360746980023,0.0679753705767241,3.66338621465455,5.11139770825056,11.3378450480797,14.0728374039367,滋賀,B1,西,19,-0.0444380745374146,60,23,37,4819,5097,-278,0,1,1,0,2,0,2,2,1,0,1,1,1,2,1,0,1,1,0,2,1,1,0,1,0,1,0,0,0,0,0,0,0,0,0,0,0,0,0,0,0,0,5.21361488799817,6.39002533242122,11.6036402204194,1.10853529402756,1.3996552586673,2.50819055269486
5100000028,698,16,Daichi Nomoto,野本 大智,1.6155261453309,2838,2957,0.0244544464424027,-0.000832134443266278,-1.16094166285409,-4.0129430962479,6.51351717057108,4.94849659943825,滋賀,B1,西,19,-0.0444380745374146,60,23,37,4819,5097,-278,0,1,1,0,2,0,2,2,1,0,1,1,1,2,1,0,1,1,0,2,1,1,0,1,0,1,0,0,0,0,0,0,0,0,0,0,0,0,0,0,0,0,3.91295554532127,4.16467518133324,8.07763072665452,0.806272790299279,0.859300211872294,1.66557300217157
5100000040,698,17,Kohei Tsuneta,常田 耕平,1.67700209525677,2706,2743,0.0406922210104461,0.0122935210276703,0.6830636574219,-2.27239235596948,8.35752249084707,6.68904733971667,滋賀,B1,西,19,-0.0444380745374146,60,23,37,4819,5097,-278,0,1,1,0,2,0,2,2,1,0,1,1,1,2,1,0,1,1,0,2,1,1,0,1,0,1,0,0,0,0,0,0,0,0,0,0,0,0,0,0,0,0,4.23283843189589,4.15217204438796,8.38501047628385,0.88008614790865,0.861080396843395,1.74116654475204
51000292,698,20,Thomas Wimbush,トーマス・ウィンブッシュ,2.08476569979047,3999,4138,-0.0154932040620631,-0.0173379213360293,-5.69750421667436,-6.20172213731672,1.9769546167508,2.75971755836943,滋賀,B1,西,19,-0.0444380745374146,60,23,37,4819,5097,-278,0,1,1,0,2,0,2,2,1,0,1,1,1,2,1,0,1,1,0,2,1,1,0,1,0,1,0,0,0,0,0,0,0,0,0,0,0,0,0,0,0,0,3.98548023486665,6.4383482640857,10.4238284989523,0.809369625155462,1.33807120985998,2.14744083501544
10297,698,21,Takanori Tahara,田原 隆徳,0.0283019244469171,930,930,-0.0328382652450934,-0.0747425649614314,-7.66725598087037,-13.8139663546703,0.00720285255479432,-4.85252665898414,滋賀,B1,西,19,-0.0444380745374146,60,23,37,4819,5097,-278,0,1,1,0,2,0,2,2,1,0,1,1,1,2,1,0,1,1,0,2,1,1,0,1,0,1,0,0,0,0,0,0,0,0,0,0,0,0,0,0,0,0,0.11733603170068,0.0241735905339049,0.141509622234585,0.0234728407560446,0.00483476735561882,0.0283076081116634
8597,698,22,Sean Ichioka,市岡 ショーン,0.410702491512858,1446,1497,-0.0213124046696698,0.0406814036760658,-6.35834827724523,1.4920329916262,1.31611055617994,10.4534726873123,滋賀,B1,西,19,-0.0444380745374146,60,23,37,4819,5097,-278,0,1,1,0,2,0,2,2,1,0,1,1,1,2,1,0,1,1,0,2,1,1,0,1,0,1,0,0,0,0,0,0,0,0,0,0,0,0,0,0,0,0,0.43824367648584,1.61526878107845,2.05351245756429,0.08777042119833,0.328913179231825,0.416683600430155
51000343,698,25,Shintaro Ehara,江原 信太朗,0.244429931525918,1530,1592,-0.0171729615728231,-0.0361291799731641,-5.88826199408008,-8.69357019808975,1.78619683934509,0.267869497596399,滋賀,B1,西,19,-0.0444380745374146,60,23,37,4819,5097,-278,0,1,1,0,2,0,2,2,1,0,1,1,1,2,1,0,1,1,0,2,1,1,0,1,0,1,0,0,0,0,0,0,0,0,0,0,0,0,0,0,0,0,0.55086579253311,0.67128386509648,1.22214965762959,0.110389250052989,0.134618428217611,0.2450076782706
51000452,698,34,Higen Hasegawa,長谷川 比源,0.220699680874389,1149,1147,0.0087968672775072,-0.00442269175491295,-2.93905843382666,-4.48907529403693,4.73540039959851,4.47236440164922,滋賀,B1,西,19,-0.0444380745374146,60,23,37,4819,5097,-278,0,1,1,0,2,0,2,2,1,0,1,1,1,2,1,0,1,1,0,2,1,1,0,1,0,1,0,0,0,0,0,0,0,0,0,0,0,0,0,0,0,0,0.511404475432245,0.592093928939701,1.10349840437195,0.102588051875629,0.118898051056619,0.221486102932248
51000512,745,1,Jarell Martin,ジャレル・マーティン,0.935634589122282,2282,2419,-0.0215012843961373,0.0222905288781415,-6.37979796661238,-0.946721462562649,1.29466086681279,8.0147182331235,越谷,B1,東,7,-0.087462486071331,60,21,39,4543,4926,-383,1,2,0,4,0,0,0,0,0,0,1,3,1,2,2,1,1,0,0,1,1,0,0,1,0,0,0,0,0,0,0,0,0,0,0,0,0,0,0,0,0,0,1.10281271121855,3.57536023439286,4.67817294561141,0.221344183890001,0.740149851188938,0.961494035078939
51000285,745,4,Kaito Shike,四家 魁人,0.0559330489762361,686,716,0.00223875183563444,-0.0381620794500555,-3.68381564887,-8.96314642590175,3.99064318455517,-0.00170673021560004,越谷,B1,東,7,-0.087462486071331,60,21,39,4543,4926,-383,1,2,0,4,0,0,0,0,0,0,1,3,1,2,2,1,1,0,0,1,1,0,0,1,0,0,0,0,0,0,0,0,0,0,0,0,0,0,0,0,0,0,0.157099670725495,0.122565574155685,0.279665244881181,0.0314448132784415,0.024523953105856,0.0559687663842975
51000280,745,5,Anthony Clemmons,アンソニー・クレモンズ,3.95723808266836,4276,4529,-0.00239533295041731,0.0492113984283358,-4.21007477165071,2.6231680205403,3.46438406177446,11.5846077162265,越谷,B1,東,7,-0.087462486071331,60,21,39,4543,4926,-383,1,2,0,4,0,0,0,0,0,0,1,3,1,2,2,1,1,0,0,1,1,0,0,1,0,0,0,0,0,0,0,0,0,0,0,0,0,0,0,0,0,0,5.95301929810786,13.8331711152339,19.7861904133418,1.22737770776935,3.30252269165855,4.52990039942789
9456,745,6,Hamiltongary Kotera,小寺 ハミルトンゲイリー,0.98919568039426,1979,2070,-0.0148322119666568,0.0793185978216216,-5.62244017785045,6.61558640358615,2.05201865557472,15.5770260992723,越谷,B1,東,7,-0.087462486071331,60,21,39,4543,4926,-383,1,2,0,4,0,0,0,0,0,0,1,3,1,2,2,1,1,0,0,1,1,0,0,1,0,0,0,0,0,0,0,0,0,0,0,0,0,0,0,0,0,0,0.986173857091964,3.95980454487933,4.9459784019713,0.197978271066928,0.840665165123917,1.03864343619085
20023,745,7,Shun Matsuyama,松山 駿,2.42326536595591,3317,3516,0.0300760004449275,0.0088338359651623,-0.522542881947528,-2.73117000787511,7.15191595147764,6.23026968781104,越谷,B1,東,7,-0.087462486071331,60,21,39,4543,4926,-383,1,2,0,4,0,0,0,0,0,0,1,3,1,2,2,1,1,0,0,1,1,0,0,1,0,0,0,0,0,0,0,0,0,0,0,0,0,0,0,0,0,0,5.64221032724979,6.47411650252975,12.1163268297795,1.18200369321379,1.36797201380485,2.54997570701864
30463,745,8,Joseph Diawara,ジャワラ ジョゼフ,0.34149417064807,1260,1321,0.00118733735905917,0.0315277168777215,-3.8032171025911,0.278192176711209,3.87124173083406,9.23963187239736,越谷,B1,東,7,-0.087462486071331,60,21,39,4543,4926,-383,1,2,0,4,0,0,0,0,0,0,1,3,1,2,2,1,1,0,0,1,1,0,0,1,0,0,0,0,0,0,0,0,0,0,0,0,0,0,0,0,0,0,0.545562068655198,1.16190878458515,1.70747085324035,0.109422419731599,0.2351514125455,0.344573832277099
5100000006,745,12,Yuichi Ikeda,池田 祐一,2.03307149819434,3051,3171,-0.0127681283760103,0.0561336668316954,-5.38803729790548,3.54110765567335,2.28642153551969,12.5025473513595,越谷,B1,東,7,-0.087462486071331,60,21,39,4543,4926,-383,1,2,0,4,0,0,0,0,0,0,1,3,1,2,2,1,1,0,0,1,1,0,0,1,0,0,0,0,0,0,0,0,0,0,0,0,0,0,0,0,0,0,2.47704914551135,7.68830834546036,10.1653574909717,0.500424331823538,1.70142394007171,2.20184827189525
30401,745,14,Takeru Oba,大庭 岳輝,1.40794176720645,2119,2340,0.0472225412316658,0.0526389429603298,1.42466437250598,3.07768362059618,9.09912320593114,12.0391233162823,越谷,B1,東,7,-0.087462486071331,60,21,39,4543,4926,-383,1,2,0,4,0,0,0,0,0,0,1,3,1,2,2,1,1,0,0,1,1,0,0,1,0,0,0,0,0,0,0,0,0,0,0,0,0,0,0,0,0,0,2.78563809375272,4.25407074227955,7.03970883603227,0.572375644267544,0.897541535444978,1.46991717971252
8489,745,18,Yuya Kamata,鎌田 裕也,0.150865661457167,1727,1935,-0.0795927993769094,-0.0276167617884903,-12.9768265334614,-7.56476594098424,-5.3023677000362,1.39667375470191,越谷,B1,東,7,-0.087462486071331,60,21,39,4543,4926,-383,1,2,0,4,0,0,0,0,0,0,1,3,1,2,2,1,1,0,0,1,1,0,0,1,0,0,0,0,0,0,0,0,0,0,0,0,0,0,0,0,0,0,-0.43787829744074,1.19220660472657,0.754328307285833,-0.0876606900534232,0.239820410797601,0.152159720744178
51000345,745,28,Kai Sugawara,菅原 佳依,0.440217706243525,1828,1923,-0.0542306355718037,0.0175306515075778,-10.0966310488925,-1.57791341326665,-2.42217221546731,7.3835262824195,越谷,B1,東,7,-0.087462486071331,60,21,39,4543,4926,-383,1,2,0,4,0,0,0,0,0,0,1,3,1,2,2,1,1,0,0,1,1,0,0,1,0,0,0,0,0,0,0,0,0,0,0,0,0,0,0,0,0,0,0.0303913373561501,2.17069719386147,2.20108853121762,0.00607829280096463,0.442784777201838,0.448863070002803
8657,745,31,Shuhei Kitagawa,喜多川 修平,0.288739088908837,1319,1427,-0.017240043238874,0.00482023647988008,-5.89587996836421,-3.26340046072811,1.77857886506096,5.69803923495804,越谷,B1,東,7,-0.087462486071331,60,21,39,4543,4926,-383,1,2,0,4,0,0,0,0,0,0,1,3,1,2,2,1,1,0,0,1,1,0,0,1,0,0,0,0,0,0,0,0,0,0,0,0,0,0,0,0,0,0,0.40584516778005,1.03785027676413,1.44369544454418,0.0812851931937808,0.209249912871905,0.290535106065685
51000511,745,45,Sekou Doumbouya,セクー・ドゥムブヤ,2.02203998398651,2754,2888,0.0193722295329637,0.0604055847556624,-1.73809187395789,4.10759288160613,5.93636695946727,13.0690325772923,越谷,B1,東,7,-0.087462486071331,60,21,39,4543,4926,-383,1,2,0,4,0,0,0,0,0,0,1,3,1,2,2,1,1,0,0,1,1,0,0,1,0,0,0,0,0,0,0,0,0,0,0,0,0,0,0,0,0,0,3.46701639868142,6.64318352125115,10.1101999199326,0.710733788928758,1.4533928285646,2.16412661749336
5100000048,720,1,Coty Clarke,コティ・クラーク,3.01114837933283,3273,3515,0.0760909240601002,0.0185866394895623,4.70303551261054,-1.43788226070151,12.3774943460357,7.52355743498464,島根,B1,西,22,-0.0257083858655258,60,28,32,4770,4868,-98,0,0,2,1,0,0,2,3,0,0,0,1,2,1,1,1,2,1,1,4,1,0,3,1,1,0,0,0,0,0,0,0,0,0,0,0,0,0,0,0,0,0,7.96114637244797,7.09459552421619,15.0557418966642,1.76312765757038,1.51737677100604,3.28050442857642
5100000088,720,4,Nick Kay,ニック・ケイ,6.87764221679798,4828,5010,0.0874367104999037,0.071960711034905,5.99149351343089,5.63988082287349,13.6659523468561,14.6013205185596,島根,B1,西,22,-0.0257083858655258,60,28,32,4770,4868,-98,0,0,2,1,0,0,2,3,0,0,0,1,2,1,1,1,2,1,1,4,1,0,3,1,1,0,0,0,0,0,0,0,0,0,0,0,0,0,0,0,0,0,16.4289656689706,17.9592454150193,34.3882110839899,4.16497375062685,4.73505325707174,8.90002700769859
8532,720,6,Hiromu Kitagawa,北川 弘,0.122664759376708,616,623,0.167158681996412,-0.0177483999721789,15.0449348558036,-6.25615438228923,22.7193936892287,2.70528531339692,島根,B1,西,22,-0.0257083858655258,60,28,32,4770,4868,-98,0,0,2,1,0,0,2,3,0,0,0,1,2,1,1,1,2,1,1,4,1,0,3,1,1,0,0,0,0,0,0,0,0,0,0,0,0,0,0,0,0,0,0.476888144222964,0.136435652660576,0.613323796883539,0.096253951605596,0.0273068870993202,0.123560838704916
51000458,720,7,Anthony Sho Sukegawa,介川 アンソニー翔,1.3164786985926,1924,2129,0.0892455229109815,0.0473029871255489,6.19690711216216,2.37009976705945,13.8713659455873,11.3315394627456,島根,B1,西,22,-0.0257083858655258,60,28,32,4770,4868,-98,0,0,2,1,0,0,2,3,0,0,0,1,2,1,1,1,2,1,1,4,1,0,3,1,1,0,0,0,0,0,0,0,0,0,0,0,0,0,0,0,0,0,3.16880573825409,3.41358775470891,6.582393492963,0.661805748747131,0.711225585160478,1.37303133390761
10821,720,11,Taichi Nakamura,中村 太地,3.11425441795069,3433,3539,0.0465268327474473,0.0409523303871879,1.34565784726546,1.52795970695472,9.02011668069063,10.4893994026409,島根,B1,西,22,-0.0257083858655258,60,28,32,4770,4868,-98,0,0,2,1,0,0,2,3,0,0,0,1,2,1,1,1,2,1,1,4,1,0,3,1,1,0,0,0,0,0,0,0,0,0,0,0,0,0,0,0,0,0,7.03654180445567,8.53473028529779,15.5712720897535,1.50843408543776,1.88639921484349,3.39483330028124
32992,720,14,James Michael McAdoo,ジェームズ・マイケル・マカドゥ,2.25945086878979,2804,2808,0.0351178417027963,0.0796453619861609,0.0500221616511362,6.65891754310483,7.7244809950763,15.620357238791,島根,B1,西,22,-0.0257083858655258,60,28,32,4770,4868,-98,0,0,2,1,0,0,2,3,0,0,0,1,2,1,1,1,2,1,1,4,1,0,3,1,1,0,0,0,0,0,0,0,0,0,0,0,0,0,0,0,0,0,4.29368107824566,7.00357326570328,11.2972543439489,0.891217526318562,1.56053936155096,2.45175688786952
8734,720,15,Ryosuke Shirahama,白濱 僚祐,0.753403712149965,1432,1478,0.0388711356503717,0.125449642720015,0.476256309618054,12.7328751382711,8.15071514304322,21.6943148339572,島根,B1,西,22,-0.0257083858655258,60,28,32,4770,4868,-98,0,0,2,1,0,0,2,3,0,0,0,1,2,1,1,1,2,1,1,4,1,0,3,1,1,0,0,0,0,0,0,0,0,0,0,0,0,0,0,0,0,0,1.17050441088412,2.59651414986571,3.76701856074982,0.236503317124953,0.545752931523568,0.782256248648521
51000132,720,17,Seishin Yokochi,横地 聖真,0.0494303884003414,341,371,0.103538208031743,0.133300484577995,7.82002284722001,13.7739498973925,15.4944816806452,22.7353895930786,島根,B1,西,22,-0.0257083858655258,60,28,32,4770,4868,-98,0,0,2,1,0,0,2,3,0,0,0,1,2,1,1,1,2,1,1,4,1,0,3,1,1,0,0,0,0,0,0,0,0,0,0,0,0,0,0,0,0,0,0.0946463477419835,0.152505594259723,0.247151942001707,0.0189513016066745,0.0305791855102887,0.0495304871169633
30399,720,21,Yuto Nohmi,納見 悠仁,3.41900620698474,3466,3636,0.033819704295229,0.0732900422377304,-0.0973978112011955,5.81615913630906,7.57706102222397,14.7775988319952,島根,B1,西,22,-0.0257083858655258,60,28,32,4770,4868,-98,0,0,2,1,0,0,2,3,0,0,0,1,2,1,1,1,2,1,1,4,1,0,3,1,1,0,0,0,0,0,0,0,0,0,0,0,0,0,0,0,0,0,6.37821575457058,10.7168152803531,17.0950310349237,1.34761246185771,2.519458522911,3.86707098476871
51000113,720,22,Fumiya Iio,飯尾 文哉,2.58116847790115,3147,3356,0.0377826197767623,0.0344468903364598,0.352641521536753,0.665294332169925,8.02710035496192,9.62673402785607,島根,B1,西,22,-0.0257083858655258,60,28,32,4770,4868,-98,0,0,2,1,0,0,2,3,0,0,0,1,2,1,1,1,2,1,1,4,1,0,3,1,1,0,0,0,0,0,0,0,0,0,0,0,0,0,0,0,0,0,5.511470707058,7.39437168244775,12.9058423895057,1.15805820872736,1.60438423997692,2.76244244870428
18475,720,77,Yuta Okada,岡田 侑大,3.59557528299901,3271,3339,0.128316879765471,0.0435679298716239,10.6339554039812,1.87480589905442,18.3084142374064,10.8362455947406,島根,B1,西,22,-0.0257083858655258,60,28,32,4770,4868,-98,0,0,2,1,0,0,2,3,0,0,0,1,2,1,1,1,2,1,1,4,1,0,3,1,1,0,0,0,0,0,0,0,0,0,0,0,0,0,0,0,0,0,10.169338277666,7.80853813732908,17.9778764149951,2.448161808502,1.71421646842261,4.1623782769246
15750,2486,0,Takaaki Kida,木田 貴明,0.491111954383306,2064,2079,0.0262725259786159,-0.0671622902374294,-0.95447566448631,-12.8087706285148,6.71998316893886,-3.84733093282861,A千葉,B1,東,8,-0.0657642407339285,60,19,41,4736,5053,-317,0,1,4,0,0,0,2,0,1,0,1,2,0,1,0,0,1,0,0,2,1,1,1,0,1,0,0,0,0,0,0,0,0,0,0,0,0,0,0,0,0,0,2.12657680992315,0.32898296199338,2.45555977191653,0.432328392584207,0.0658214489537065,0.498149841537913
51000359,2486,3,Kotetsu Kurokawa,黒川 虎徹,2.43312300492682,3663,3663,0.0728829547092087,-0.0483732072830318,4.3387298914469,-10.3172110779961,12.0131887248721,-1.35577138230997,A千葉,B1,東,8,-0.0657642407339285,60,19,41,4736,5053,-317,0,1,4,0,0,0,2,0,1,0,1,2,0,1,0,0,1,0,0,2,1,1,1,0,1,0,0,0,0,0,0,0,0,0,0,0,0,0,0,0,0,0,9.56479899626083,2.60081602837326,12.1656150246341,2.15755049337091,0.524172506818142,2.68172300018905
30402,2486,5,Reo Maeda,前田 怜緒,1.44340591566561,2564,2610,0.0341735701154145,0.00916873556946222,-0.0572118576179938,-2.68676005398946,7.61724697580717,6.27467964169669,A千葉,B1,東,8,-0.0657642407339285,60,19,41,4736,5053,-317,0,1,4,0,0,0,2,0,1,0,1,2,0,1,0,0,1,0,0,2,1,1,1,0,1,0,0,0,0,0,0,0,0,0,0,0,0,0,0,0,0,0,3.56937360301412,3.64765597531392,7.21702957832804,0.735921219389252,0.752248509639671,1.48816972902892
51000321,2486,7,Dererk Pardon,デレク・パードン,4.54385758929003,5246,5172,0.0380112374254048,-0.0268406208968843,0.378603956144959,-7.46184440640363,8.05306278957013,1.49959528928252,A千葉,B1,東,8,-0.0657642407339285,60,19,41,4736,5053,-317,0,1,4,0,0,0,2,0,1,0,1,2,0,1,0,0,1,0,0,2,1,1,1,0,1,0,0,0,0,0,0,0,0,0,0,0,0,0,0,0,0,0,14.2137773700649,8.50551057638527,22.7192879464502,3.2419907298608,1.77613448443939,5.01812521430019
8520,2486,11,Kei Sugimoto,杉本 慶,3.85416145896474,3943,3955,0.0668296059518592,0.0175195718114999,3.6512953376992,-1.57938265594586,11.3257541711244,7.38205703974029,A千葉,B1,東,8,-0.0657642407339285,60,19,41,4736,5053,-317,0,1,4,0,0,0,2,0,1,0,1,2,0,1,0,0,1,0,0,2,1,1,1,0,1,0,0,0,0,0,0,0,0,0,0,0,0,0,0,0,0,0,10.5090335832833,8.76177371154034,19.2708072948237,2.38482778261747,1.902976150433,4.28780393305047
18429,2486,16,Yuta Osaki,大崎 裕太,0.481730843997586,1800,1732,-0.019137287770553,0.0129668749824627,-6.11133615637939,-2.18310106479713,1.56312267704577,6.77833863088902,A千葉,B1,東,8,-0.0657642407339285,60,19,41,4736,5053,-317,0,1,4,0,0,0,2,0,1,0,1,2,0,1,0,0,1,0,0,2,1,1,1,0,1,0,0,0,0,0,0,0,0,0,0,0,0,0,0,0,0,0,0.728280839656867,1.68037338033106,2.40865421998793,0.146017281910162,0.340971432319754,0.486988714229916
51000189,2486,21,Brandon Ashley,ブランドン・アシュリー,0.669658459160317,1470,1373,0.047799781949309,0.101074905701029,1.49021737978254,9.50062005916821,9.1646762132077,18.4620597548544,A千葉,B1,東,8,-0.0657642407339285,60,19,41,4736,5053,-317,0,1,4,0,0,0,2,0,1,0,1,2,0,1,0,0,1,0,0,2,1,1,1,0,1,0,0,0,0,0,0,0,0,0,0,0,0,0,0,0,0,0,1.34787691190372,2.00041538389786,3.34829229580158,0.273073697956598,0.413691735845668,0.686765433802266
51000192,2486,22,Trey Porter,トレイ・ポーター,3.37254708001544,3654,3739,0.0853028721942211,0.000390183147222238,5.749169100575,-3.85085551199803,13.4236279340002,5.11058418368811,A千葉,B1,東,8,-0.0657642407339285,60,19,41,4736,5053,-317,0,1,4,0,0,0,2,0,1,0,1,2,0,1,0,0,1,0,0,2,1,1,1,0,1,0,0,0,0,0,0,0,0,0,0,0,0,0,0,0,0,0,10.2069490168136,6.65578638326358,16.8627354000772,2.35169275309126,1.40095050636176,3.75264325945302
8449,2486,24,Yuto Otsuka,大塚 裕土,0.521353664897988,1384,1406,0.0666133721234266,0.0216122913043355,3.62673924299653,-1.03666035466497,11.3011980764217,7.92477934102118,A千葉,B1,東,8,-0.0657642407339285,60,19,41,4736,5053,-317,0,1,4,0,0,0,2,0,1,0,1,2,0,1,0,0,1,0,0,2,1,1,1,0,1,0,0,0,0,0,0,0,0,0,0,0,0,0,0,0,0,0,1.4033499864501,1.20341833803983,2.60676832448994,0.285148077499995,0.243396915059497,0.528544992559491
8498,2486,27,Naoya Kumagae,熊谷 尚也,0.374553436816658,1257,1280,0.0459579820999543,0.0127667123597826,1.28105763890415,-2.20964398311869,8.95551647232932,6.75179571256746,A千葉,B1,東,8,-0.0657642407339285,60,19,41,4736,5053,-317,0,1,4,0,0,0,2,0,1,0,1,2,0,1,0,0,1,0,0,2,1,1,1,0,1,0,0,0,0,0,0,0,0,0,0,0,0,0,0,0,0,0,0.963928775388363,0.908838408694929,1.87276718408329,0.194523164875824,0.183168732297634,0.377691897173458
9418,2486,33,Luke Evans,エヴァンス ルーク,2.5027889884121,3504,3432,-0.000512431823582393,0.0462131596387297,-3.99624745923867,2.22558126715221,3.6782113741865,11.1870209628384,A千葉,B1,東,8,-0.0657642407339285,60,19,41,4736,5053,-317,0,1,4,0,0,0,2,0,1,0,1,2,0,1,0,0,1,0,0,2,1,1,1,0,1,0,0,0,0,0,0,0,0,0,0,0,0,0,0,0,0,0,4.16072999486597,8.35321494719454,12.5139449420605,0.850555168178854,1.85023500810975,2.7007901762886
51000352,2486,42,Leon Watanabe,渡邉 伶音,0.370035668950729,1385,1398,0.0581516581977287,-0.0340672478201018,2.66580426805553,-8.42014404094558,10.3402631014807,0.541295654740564,A千葉,B1,東,8,-0.0657642407339285,60,19,41,4736,5053,-317,0,1,4,0,0,0,2,0,1,0,1,2,0,1,0,0,1,0,0,2,1,1,1,0,1,0,0,0,0,0,0,0,0,0,0,0,0,0,0,0,0,0,1.31103600771766,0.539142337035988,1.85017834475365,0.265839411149953,0.108071245009776,0.373910656159729
10893,2488,1,Kenji leon Matsumoto,松本 健児リオン,0.352464501334325,1005,1100,0.164825418031928,-0.0148748340776673,14.7799631291617,-5.87510009848559,22.4544219625869,3.08633959720056,長崎,B1,西,25,0.128515503599294,60,47,13,5472,4782,690,1,2,2,2,1,2,2,1,2,0,4,2,2,2,2,1,4,1,2,3,2,1,3,2,0,1,0,0,0,0,0,0,0,0,0,0,0,0,0,0,1,1,1.29426081569522,0.46806169097641,1.76232250667163,0.265637066794757,0.0938691561473002,0.359506222942057
8590,2488,4,Masaya Karimata,狩俣 昌也,0.385769305024374,1113,1155,0.0648910050382754,0.0515730629525111,3.43114260780629,2.93634071846343,11.1056014412314,11.8977804141496,長崎,B1,西,25,0.128515503599294,60,47,13,5472,4782,690,1,2,2,2,1,2,2,1,2,0,4,2,2,2,2,1,4,1,2,3,2,1,3,2,0,1,0,0,0,0,0,0,0,0,0,0,0,0,0,0,1,1,0.889052613636316,1.03979391148556,1.92884652512187,0.179551696248396,0.210558025735134,0.39010972198353
51000379,2488,5,Hyunjung Lee,イ ヒョンジュン,7.76518874580999,4589,4625,0.258006994406419,0.129410455818973,25.3619133752519,13.2581057590778,33.0363722086771,22.2195454547639,長崎,B1,西,25,0.128515503599294,60,47,13,5472,4782,690,1,2,2,2,1,2,2,1,2,0,4,2,2,2,2,1,4,1,2,3,2,1,3,2,0,1,0,0,0,0,0,0,0,0,0,0,0,0,0,0,1,1,20.3385384710135,18.4874052580364,38.82594372905,7.93174023090349,5.51181707309793,13.4435573040014
33026,2488,6,Yuji Morita,森田 雄次,0.00488827556628508,477,515,-0.00875546506673752,-0.102633821420693,-4.93234846814814,-17.5125357087842,2.74211036527703,-8.55109601309804,長崎,B1,西,25,0.128515503599294,60,47,13,5472,4782,690,1,2,2,2,1,2,2,1,2,0,4,2,2,2,2,1,4,1,2,3,2,1,3,2,0,1,0,0,0,0,0,0,0,0,0,0,0,0,0,0,1,1,0.0585813113887324,-0.034139933557307,0.0244413778314254,0.0117189276086213,-0.00682843914668653,0.00489048846193476
51000304,2488,7,Jarrell Brantley,ジャレル・ブラントリー,7.92849705250887,4662,4751,0.219008957526189,0.136620794953811,20.9331914967631,14.2142455226568,28.6076503301883,23.175685218343,長崎,B1,西,25,0.128515503599294,60,47,13,5472,4782,690,1,2,2,2,1,2,2,1,2,0,4,2,2,2,2,1,4,1,2,3,2,1,3,2,0,1,0,0,0,0,0,0,0,0,0,0,0,0,0,0,1,1,20.2308216612697,19.4116636012746,39.6424852625443,7.24320605489851,6.00175274932269,13.2449588042212
19957,2488,11,Ko Kumagai,熊谷 航,5.87960235809761,3813,3854,0.207512960557168,0.122177866652614,19.6276751845418,12.2990154907471,27.302134017967,21.2604551864333,長崎,B1,西,25,0.128515503599294,60,47,13,5472,4782,690,1,2,2,2,1,2,2,1,2,0,4,2,2,2,2,1,4,1,2,3,2,1,3,2,0,1,0,0,0,0,0,0,0,0,0,0,0,0,0,0,1,1,15.4383249474469,13.9596868430411,29.398011790488,4.69842844444822,3.71366114317887,8.41208958762709
5100000021,2488,13,Kenshin Hoshikawa,星川 堅信,0.101329807261263,886,945,0.0177521472955913,-0.0480381581503826,-1.9220727669356,-10.2727812956395,5.75238606648957,-1.31134159995332,長崎,B1,西,25,0.128515503599294,60,47,13,5472,4782,690,1,2,2,2,1,2,2,1,2,0,4,2,2,2,2,1,4,1,2,3,2,1,3,2,0,1,0,0,0,0,0,0,0,0,0,0,0,0,0,0,1,1,0.340043772904393,0.166605263401921,0.506649036306314,0.0681604011267818,0.0333366807202699,0.101497081847052
51000529,2488,14,Stanley Johnson,スタンリー・ジョンソン,7.59513168859773,4600,4658,0.22706874796413,0.110031070347896,21.8484829602327,10.6882681001119,29.5229417936578,19.6497077957981,長崎,B1,西,25,0.128515503599294,60,47,13,5472,4782,690,1,2,2,2,1,2,2,1,2,0,4,2,2,2,2,1,4,1,2,3,2,1,3,2,0,1,0,0,0,0,0,0,0,0,0,0,0,0,0,0,1,1,20.0249228050846,17.950735637904,37.9756584429886,7.24850637156793,5.09156582336033,12.3400721949283
30437,2488,17,Hayato Yamaguchi,山口 颯斗,4.45383996394042,3346,3466,0.158116898157715,0.0921060589784779,14.0181255825577,8.31129028916586,21.6925844159829,17.272729984852,長崎,B1,西,25,0.128515503599294,60,47,13,5472,4782,690,1,2,2,2,1,2,2,1,2,0,4,2,2,2,2,1,4,1,2,3,2,1,3,2,0,1,0,0,0,0,0,0,0,0,0,0,0,0,0,0,1,1,11.5722185370004,10.6969812827017,22.2691998197021,2.96712343369825,2.56616752693729,5.53329096063554
12577,2488,18,Yudai Baba,馬場 雄大,7.70934581081922,4566,4610,0.220266386080966,0.142190375332732,21.0759884628843,14.9528095717466,28.7504472963095,23.9142492674327,長崎,B1,西,25,0.128515503599294,60,47,13,5472,4782,690,1,2,2,2,1,2,2,1,2,0,4,2,2,2,2,1,4,1,2,3,2,1,3,2,0,1,0,0,0,0,0,0,0,0,0,0,0,0,0,0,1,1,19.74399049887,18.8027385552261,38.5467290540961,6.98641676494743,5.7953623437454,12.7817791086928
8677,2488,21,Shota Kanno,菅野 翔太,0.000113479130016574,79,102,-0.171706069781077,-0.0255133804288784,-23.4374570824033,-7.2858433385537,-15.7629982489781,1.67559635713245,長崎,B1,西,25,0.128515503599294,60,47,13,5472,4782,690,1,2,2,2,1,2,2,1,2,0,4,2,2,2,2,1,4,1,2,3,2,1,3,2,0,1,0,0,0,0,0,0,0,0,0,0,0,0,0,0,1,1,-0.0006089292239657,0.00117632487404857,0.000567395650082872,-0.000121785953881275,0.000235265446561315,0.00011347949268004
51000395,2488,25,Akil Mitchell,アキル・ミッチェル,2.84476019785094,2508,2493,0.159437246565419,0.131619717345772,14.1680678962795,13.5510687881968,21.8425267297046,22.512508483883,長崎,B1,西,25,0.128515503599294,60,47,13,5472,4782,690,1,2,2,2,1,2,2,1,2,0,4,2,2,2,2,1,4,1,2,3,2,1,3,2,0,1,0,0,0,0,0,0,0,0,0,0,0,0,0,0,1,1,7.19814940651291,7.02565158274181,14.2238009892547,1.6747312595198,1.62373831946174,3.29846957898154
8608,728,1,Thomas Kennedy,トーマス・ケネディ,2.81405886610945,2621,2652,0.15234376209437,0.0850939854912872,13.3625127354355,7.38144189218172,21.0369715688606,16.3428815878679,三河,B1,西,16,0.0733658388874208,60,43,17,5030,4670,360,2,2,2,2,0,1,1,2,1,0,1,2,1,2,4,0,2,1,2,2,2,1,2,4,1,3,0,0,0,0,0,0,0,0,0,0,0,0,0,0,1,0.87,7.58589451909983,6.48439981144744,14.0702943305473,1.77058746320765,1.43785213268989,3.20843959589755
42537,728,5,Sei Motozawa,元澤 誠,-9.63889095762222e-05,46,46,-0.0296581520136106,-0.0332354028603859,-7.30611377549234,-8.30983576996923,0.368345057932822,0.651603925716914,三河,B1,西,16,0.0733658388874208,60,43,17,5030,4670,360,2,2,2,2,0,1,1,2,1,0,1,2,1,2,4,0,2,1,2,2,2,1,2,4,1,3,0,0,0,0,0,0,0,0,0,0,0,0,0,0,1,0.87,-0.000173714548457028,-0.000308229999424083,-0.000481944547881111,-3.47429171614832e-05,-6.16460416140288e-05,-9.63889587755121e-05
18399,728,7,Satoshi Nagano,長野 誠史,4.77216400106674,3340,3374,0.197546275056619,0.120189787069627,18.4958315928283,12.0353826841752,26.1702904262534,20.9968223798613,三河,B1,西,16,0.0733658388874208,60,43,17,5030,4670,360,2,2,2,2,0,1,1,2,1,0,1,2,1,2,4,0,2,1,2,2,2,1,2,4,1,3,0,0,0,0,0,0,0,0,0,0,0,0,0,0,1,0.87,12.5942346679117,11.266585337422,23.8608200053337,3.48432080570608,2.82137916245835,6.30569996816443
51000389,728,9,Toshiya Taira,平 寿哉,6.08657390074328e-05,75,75,-0.00165161818025731,-0.0341011072607315,-4.1256165235579,-8.42463403190901,3.54884230986726,0.536805663777142,三河,B1,西,16,0.0733658388874208,60,43,17,5030,4670,360,2,2,2,2,0,1,1,2,1,0,1,2,1,2,4,0,2,1,2,2,2,1,2,4,1,3,0,0,0,0,0,0,0,0,0,0,0,0,0,0,1,0.87,0.000165485624708965,0.000138843070328199,0.000304328695037164,3.3097127371062e-05,2.77686155003931e-05,6.08657428714551e-05
51000313,728,10,Jake Layman,ジェイク・レイマン,5.9157266982765,4130,4176,0.166640011084971,0.0713163432690664,14.9860331931305,5.55443329651374,22.6604920265557,14.5158729921999,三河,B1,西,16,0.0733658388874208,60,43,17,5030,4670,360,2,2,2,2,0,1,1,2,1,0,1,2,1,2,4,0,2,1,2,2,2,1,2,4,1,3,0,0,0,0,0,0,0,0,0,0,0,0,0,0,1,0.87,16.171378664129,13.4072548272535,29.5786334913825,4.68094086184726,3.28135492100567,7.96229578285293
30469,728,11,Yoshiaki Kubota,久保田 義章,1.8225755225928,2250,2259,0.129732138972346,0.0472214598598579,10.7946760431373,2.35928869991194,18.4691348765625,11.3207283955981,三河,B1,西,16,0.0733658388874208,60,43,17,5030,4670,360,2,2,2,2,0,1,1,2,1,0,1,2,1,2,4,0,2,1,2,2,2,1,2,4,1,3,0,0,0,0,0,0,0,0,0,0,0,0,0,0,1,0.87,5.2851724235243,3.82770518943972,9.11287761296402,1.16135555992642,0.801572309538954,1.96292786946537
8494,728,13,Yutaro Suda,須田 侑太郎,2.42450464286722,2254,2318,0.228363287829652,0.0780924894598454,21.9954943865417,6.45299613741038,29.6699532199668,15.4144358330965,三河,B1,西,16,0.0733658388874208,60,43,17,5030,4670,360,2,2,2,2,0,1,1,2,1,0,1,2,1,2,4,0,2,1,2,2,2,1,2,4,1,3,0,0,0,0,0,0,0,0,0,0,0,0,0,0,1,0.87,7.24794162566443,4.87458158867168,12.1225232143361,1.77541025136186,1.04919996618826,2.82461021755012
51000362,728,16,Koyo Nishida,西田 公陽,0.0261239146665353,298,347,0.0818781828395295,0.0343845063504632,5.36025217332732,0.657021793457615,13.0347110067525,9.61846148914377,三河,B1,西,16,0.0733658388874208,60,43,17,5030,4670,360,2,2,2,2,0,1,1,2,1,0,1,2,1,2,4,0,2,1,2,2,2,1,2,4,1,3,0,0,0,0,0,0,0,0,0,0,0,0,0,0,1,0.87,0.0602137487182318,0.0704058246144447,0.130619573332677,0.0120501709252913,0.0140899145486501,0.0261400854739414
32982,728,18,Ryogo Sumino,角野 亮伍,0.883229355221093,1748,1782,0.0195970470842169,0.0821812705669533,-1.71256098862227,6.99519618209166,5.9618978448029,15.9566358777778,三河,B1,西,16,0.0733658388874208,60,43,17,5030,4670,360,2,2,2,2,0,1,1,2,1,0,1,2,1,2,4,0,2,1,2,2,2,1,2,4,1,3,0,0,0,0,0,0,0,0,0,0,0,0,0,0,1,0.87,1.40186057277136,3.01428620333411,4.41614677610547,0.28313997487509,0.631125715646352,0.914265690521441
30403,728,19,Yudai Nishida,西田 優大,5.12885537634488,3534,3583,0.213166428830395,0.0998910007967303,20.2696982358015,9.34362625705613,27.9441570692267,18.3050659527423,三河,B1,西,16,0.0733658388874208,60,43,17,5030,4670,360,2,2,2,2,0,1,1,2,1,0,1,2,1,2,4,0,2,1,2,2,2,1,2,4,1,3,0,0,0,0,0,0,0,0,0,0,0,0,0,0,1,0.87,14.0121865687753,11.6320903129491,25.6442768817244,4.12734970244624,2.86447613273194,6.99182583517818
8583,728,27,Kosuke Ishii,石井 講祐,0.36356489372858,1090,1082,0.0764051087703246,0.0480817306725127,4.73871517270036,2.47336643135337,12.4131740061255,11.4348061270395,三河,B1,西,16,0.0733658388874208,60,43,17,5030,4670,360,2,2,2,2,0,1,1,2,1,0,1,2,1,2,4,0,2,1,2,2,2,1,2,4,1,3,0,0,0,0,0,0,0,0,0,0,0,0,0,0,1,0.87,0.931416776467351,0.88640769217555,1.8178244686429,0.188376309773176,0.179109223912776,0.367485533685952
51000297,728,30,Aaron White,アーロン・ホワイト,2.99195003065712,2936,3061,0.0785136054228302,0.0839215284851484,4.97816171931375,7.22596615883659,12.6526205527389,16.1874058545227,三河,B1,西,16,0.0733658388874208,60,43,17,5030,4670,360,2,2,2,2,0,1,1,2,1,0,1,2,1,2,4,0,2,1,2,2,2,1,2,4,1,3,0,0,0,0,0,0,0,0,0,0,0,0,0,0,1,0.87,6.61919096611271,8.34055918717289,14.9597501532856,1.44238875852406,1.90580771916806,3.34819647769212
9040,728,54,Davante Gardner,ダバンテ・ガードナー,7.52508887133813,4583,4583,0.21521657598087,0.118635058939299,20.5025184561454,11.8292152128312,28.1769772895706,20.7906549085174,三河,B1,西,16,0.0733658388874208,60,43,17,5030,4670,360,2,2,2,2,0,1,1,2,1,0,1,2,1,2,4,0,2,1,2,2,2,1,2,4,1,3,0,0,0,0,0,0,0,0,0,0,0,0,0,0,1,0.87,19.7526898257016,17.872754530989,37.6254443566906,6.9176737275702,5.14586331718192,12.0635370447521
8482,713,0,Yuma Fujii,藤井 祐眞,4.43079274823456,3545,3482,0.115797408238657,0.0986583219115432,9.21221057030662,9.18016469501157,16.8866694037318,18.1416043906977,群馬,B1,東,6,0.126812213653886,60,42,18,4990,4381,609,2,2,2,3,2,0,2,2,0,2,2,3,2,1,2,1,2,2,2,2,2,2,0,1,0,1,0,0,0,0,0,0,0,0,0,0,0,0,0,0,1,0.607,11.105984864284,11.0479788768888,22.1539637411728,2.68374151084295,2.68703311193342,5.37077462277637
22497,713,1,Koh Flippin,コー・フリッピン,0.824935769433054,1466,1451,0.113732432602115,0.0791930712667537,8.97770638723228,6.5989407329388,16.6521652206574,15.5603804286249,群馬,B1,東,6,0.126812213653886,60,42,18,4990,4381,609,2,2,2,3,2,0,2,2,0,2,2,3,2,1,2,1,2,2,2,2,2,2,0,1,0,1,0,0,0,0,0,0,0,0,0,0,0,0,0,0,1,0.607,2.14683649783849,1.97784234932678,4.12467884716527,0.444131445732647,0.407252930289748,0.851384376022394
18441,713,4,Trey Jones,トレイ・ジョーンズ,2.4547562132541,2379,2321,0.157469473026274,0.112640200407835,13.9446022446241,11.034256402743,21.6190610780492,19.9956960984291,群馬,B1,東,6,0.126812213653886,60,42,18,4990,4381,609,2,2,2,3,2,0,2,2,0,2,2,3,2,1,2,1,2,2,2,2,2,2,0,1,0,1,0,0,0,0,0,0,0,0,0,0,0,0,0,0,1,0.607,6.51819935340842,5.75558171286206,12.2737810662705,1.49207273366305,1.28061593240604,2.77268866606909
5100000023,713,6,Takuto Nakamura,中村 拓人,3.9562774554294,3109,3153,0.131113308385627,0.128614565182578,10.9515253537137,13.1525652746864,18.6259841871389,22.1140049703726,群馬,B1,東,6,0.126812213653886,60,42,18,4990,4381,609,2,2,2,3,2,0,2,2,0,2,2,3,2,1,2,1,2,2,2,2,2,2,0,1,0,1,0,0,0,0,0,0,0,0,0,0,0,0,0,0,1,0.607,9.4298697359946,10.3515175411524,19.781387277147,2.2441819696686,2.56565304911629,4.80983501878489
51000145,713,8,Kerry BlackshearJr,ケリー・ブラックシアー・ジュニア,5.83560683092709,3932,3699,0.175574185868558,0.145328661312784,16.00062209287,15.3689675303246,23.6750809262952,24.3304072260107,群馬,B1,東,6,0.126812213653886,60,42,18,4990,4381,609,2,2,2,3,2,0,2,2,0,2,2,3,2,1,2,1,2,2,2,2,2,2,0,1,0,1,0,0,0,0,0,0,0,0,0,0,0,0,0,0,1,0.607,15.3288314798517,13.8492026747838,29.1780341546354,4.41149059974458,3.80284226950261,8.21433286924719
8487,713,9,Naoto Tsuji,辻 直人,3.61449723164037,3037,2985,0.153178559889065,0.0932242610044715,13.4573146165874,8.45957144498574,21.1317734500126,17.4210111406719,群馬,B1,東,6,0.126812213653886,60,42,18,4990,4381,609,2,2,2,3,2,0,2,2,0,2,2,3,2,1,2,1,2,2,2,2,2,2,0,1,0,1,0,0,0,0,0,0,0,0,0,0,0,0,0,0,1,0.607,9.7582568380984,8.31422932010344,18.0724861582018,2.3893220388125,1.91371029946491,4.30303233827741
30466,713,14,Makoto Sato,佐藤 誠人,-0.000727550575020564,137,146,-0.133042208479403,-0.0655888726829672,-19.0466850807391,-12.6001248130543,-11.3722262473139,-3.63868511736818,群馬,B1,東,6,0.126812213653886,60,42,18,4990,4381,609,2,2,2,3,2,0,2,2,0,2,2,3,2,1,2,1,2,2,2,2,2,2,0,1,0,1,0,0,0,0,0,0,0,0,0,0,0,0,0,0,1,0.607,-0.00464112635522898,0.00100337348012616,-0.00363775287510282,-0.000928241332064889,0.00020067483891879,-0.000727566493146099
51000301,713,15,A.J. Edu,エージェー・エドゥ,4.30022560140406,3257,3153,0.144483785367238,0.145533124513505,12.4699126539808,15.3960807343975,20.144371487406,24.3575204300837,群馬,B1,東,6,0.126812213653886,60,42,18,4990,4381,609,2,2,2,3,2,0,2,2,0,2,2,3,2,1,2,1,2,2,2,2,2,2,0,1,0,1,0,0,0,0,0,0,0,0,0,0,0,0,0,0,1,0.607,10.6571090059342,10.8440190010861,21.5011280070203,2.63621334829098,2.76937123133131,5.40558457962228
51000232,713,16,Kenny Asano,淺野 ケニー,0.665124340763053,1506,1538,0.0674257621629739,0.0367500362954305,3.71899643925129,0.970707072336094,11.3934552726765,9.93214676802224,群馬,B1,東,6,0.126812213653886,60,42,18,4990,4381,609,2,2,2,3,2,0,2,2,0,2,2,3,2,1,2,1,2,2,2,2,2,2,0,1,0,1,0,0,0,0,0,0,0,0,0,0,0,0,0,0,1,0.607,1.6740430143878,1.65157868942747,3.32562170381527,0.341266752755626,0.336247863831116,0.677514616586742
30519,713,29,Kazuki Hosokawa,細川 一輝,4.2944068193187,3540,3428,0.138689355382943,0.0692767216058728,11.8118816119663,5.28396566130725,19.4863404453915,14.2454053569934,群馬,B1,東,6,0.126812213653886,60,42,18,4990,4381,609,2,2,2,3,2,0,2,2,0,2,2,3,2,1,2,1,2,2,2,2,2,2,0,1,0,1,0,0,0,0,0,0,0,0,0,0,0,0,0,0,1,0.607,11.9791676089122,9.49286648768126,21.4720340965935,3.02561115886288,2.18069190640296,5.20630306526584
51000397,713,32,Johannes Thiemann,ヨハネス・ティーマン,1.69554077275239,2069,1991,0.14203259729253,0.0808183329611645,12.1915491484513,6.81446143219961,19.8660079818765,15.7759011278858,群馬,B1,東,6,0.126812213653886,60,42,18,4990,4381,609,2,2,2,3,2,0,2,2,0,2,2,3,2,1,2,1,2,2,2,2,2,2,0,1,0,1,0,0,0,0,0,0,0,0,0,0,0,0,0,0,1,0.607,4.77156723178898,3.70613663197295,8.47770386376194,1.04447116817394,0.784122803117354,1.82859397129129
8470,713,55,Daichi Taniguchi,谷口 大智,0.155849686097062,800,862,0.0277969274651016,0.0276180455500866,-0.781360534729034,-0.24025669912802,6.89309829869613,8.72118299655813,群馬,B1,東,6,0.126812213653886,60,42,18,4990,4381,609,2,2,2,3,2,0,2,2,0,2,2,3,2,1,2,1,2,2,2,2,2,2,0,1,0,1,0,0,0,0,0,0,0,0,0,0,0,0,0,0,1,0.607,0.31227476189267,0.466973668592637,0.779248430485308,0.0625990268663995,0.0938113342024629,0.156410361068862
8585,699,0,Ryumo Ono,小野 龍猛,0.00552370674943707,332,327,-0.0746464471221065,-0.00881314246265709,-12.4151054776853,-5.07127876924171,-4.7406466442601,3.89016092644443,京都,B1,西,20,-0.0716791431393028,60,20,40,4479,4874,-395,0,0,1,2,0,2,1,0,0,0,2,1,2,1,1,0,1,1,0,0,3,0,0,1,1,0,0,0,0,0,0,0,0,0,0,0,0,0,0,0,0,0,-0.0106108985333657,0.038229432280551,0.0276185337471853,-0.00212221238974491,0.00764746258505022,0.00552525019530531
10832,699,3,Leon Shibuta,澁田 怜音,0.438643423570319,2298,2327,-0.0291259571401611,-0.0399656570911007,-7.24567629534677,-9.20231302639814,0.4287825380784,-0.240873330711987,京都,B1,西,20,-0.0716791431393028,60,20,40,4479,4874,-395,0,0,1,2,0,2,1,0,0,0,2,1,2,1,1,0,1,1,0,0,3,0,0,1,1,0,0,0,0,0,0,0,0,0,0,0,0,0,0,0,0,0,0.870465081815996,1.3227520360356,2.1932171178516,0.174471113723989,0.265850750957212,0.440321864681201
51000525,699,9,Jamie Malonzo,ジェイミー・マロンゾ,2.05429019946796e-06,87,94,-0.119798149629128,-0.0358271285445858,-17.5426541632253,-8.65351613459721,-9.86819532980012,0.307923561088939,京都,B1,西,20,-0.0716791431393028,60,20,40,4479,4874,-395,0,0,1,2,0,2,1,0,0,0,2,1,2,1,1,0,1,1,0,0,3,0,0,1,1,0,0,0,0,0,0,0,0,0,0,0,0,0,0,0,0,0,-0.000656320412992131,0.00066659186398947,1.02714509973398e-05,-0.000131264195224888,0.000133318473875539,2.05427865065092e-06
26922,699,10,Charles Jackson,チャールズ・ジャクソン,2.62621486054566,3486,3358,0.0237567057693685,0.0332817415708289,-1.24017896891819,0.510787720972966,6.43427986450697,9.47222741665911,京都,B1,西,20,-0.0716791431393028,60,20,40,4479,4874,-395,0,0,1,2,0,2,1,0,0,0,2,1,2,1,1,0,1,1,0,0,3,0,0,1,1,0,0,0,0,0,0,0,0,0,0,0,0,0,0,0,0,0,5.79225635381357,7.33881794891473,13.1310743027283,1.21070368326988,1.58999461183983,2.80069829510972
5100000033,699,12,Asato Ogawa,小川 麻斗,2.43597689349929,3595,3467,0.0111921432311126,0.0189152694552854,-2.66704445903789,-1.39430370331947,5.00741437438728,7.56713599236667,京都,B1,西,20,-0.0716791431393028,60,20,40,4479,4874,-395,0,0,1,2,0,2,1,0,0,0,2,1,2,1,1,0,1,1,0,0,3,0,0,1,1,0,0,0,0,0,0,0,0,0,0,0,0,0,0,0,0,0,5.24673375288817,6.93315071460829,12.1798844674965,1.08516955279637,1.48084957551769,2.56601912831406
20024,699,13,Satoru Maeta,前田 悟,2.93225043371748,3468,3433,0.0094607676520118,0.0773396768290037,-2.86366412301211,6.35316808807571,4.81079471041306,15.3146077837619,京都,B1,西,20,-0.0716791431393028,60,20,40,4479,4874,-395,0,0,1,2,0,2,1,0,0,0,2,1,2,1,1,0,1,1,0,0,3,0,0,1,1,0,0,0,0,0,0,0,0,0,0,0,0,0,0,0,0,0,4.77210714903248,9.88914501955492,14.6612521685874,0.983182026835901,2.30400664090895,3.28718866774485
8727,699,15,Hayato Kawashima,川嶋 勇人,0.346324203523751,2025,1994,-0.0599504151853259,-0.00365033790964805,-10.7461845941732,-4.38665594742911,-3.07172576074799,4.57478374825704,京都,B1,西,20,-0.0716791431393028,60,20,40,4479,4874,-395,0,0,1,2,0,2,1,0,0,0,2,1,2,1,1,0,1,1,0,0,3,0,0,1,1,0,0,0,0,0,0,0,0,0,0,0,0,0,0,0,0,0,-0.107739113096882,1.83936013071564,1.73162101761875,-0.0215487422941998,0.372705044673986,0.351156302379786
9329,699,16,Ryunosuke Watanabe,渡辺 竜之佑,0.823351647119299,1986,1860,0.0442912857417125,0.00287883730387825,1.0917831210813,-3.52084312943506,8.76624195450647,5.44059656625109,京都,B1,西,20,-0.0716791431393028,60,20,40,4479,4874,-395,0,0,1,2,0,2,1,0,0,0,2,1,2,1,1,0,1,1,0,0,3,0,0,1,1,0,0,0,0,0,0,0,0,0,0,0,0,0,0,0,0,0,2.3834123648021,1.73334587079439,4.11675823559649,0.487463888739188,0.351319838986031,0.838783727725219
51000269,699,32,Angelo Caloiaro,アンジェロ・カロイアロ,2.01426638294947,2797,2706,0.101096282362131,-0.00793013800794872,7.54271120530669,-4.95418640301933,15.2171700387319,4.00725329266682,京都,B1,西,20,-0.0716791431393028,60,20,40,4479,4874,-395,0,0,1,2,0,2,1,0,0,0,2,1,2,1,1,0,1,1,0,0,3,0,0,1,1,0,0,0,0,0,0,0,0,0,0,0,0,0,0,0,0,0,6.87399501233356,3.19733690241379,10.0713319147474,1.52611155596245,0.653469323966896,2.17958087992934
26874,699,35,Jordan Heath,ジョーダン・ヒース,2.01197555696009,3773,3700,-0.0283431315728324,0.0158713008108476,-7.15677652001406,-1.79795454492445,0.517682313411102,7.16348515076169,京都,B1,西,20,-0.0716791431393028,60,20,40,4479,4874,-395,0,0,1,2,0,2,1,0,0,0,2,1,2,1,1,0,1,1,0,0,3,0,0,1,1,0,0,0,0,0,0,0,0,0,0,0,0,0,0,0,0,0,2.43413538613078,7.62574239866968,10.0598777848005,0.489917405824446,1.63612751350037,2.12604491932482
26926,699,39,Mone Alex Hall,ホール 百音 アレックス,0.550427190117723,2242,2160,-0.00742093107036479,-0.0358467638887998,-4.78079520085228,-8.65611991411763,2.89366363257288,0.305319781568516,京都,B1,西,20,-0.0716791431393028,60,20,40,4479,4874,-395,0,0,1,2,0,2,1,0,0,0,2,1,2,1,1,0,1,1,0,0,3,0,0,1,1,0,0,0,0,0,0,0,0,0,0,0,0,0,0,0,0,0,1.49679557872865,1.25534037185996,2.75213595058861,0.301395776853717,0.25235860961344,0.553754386467157
8500,699,51,Takatoshi Furukawa,古川 孝敏,1.19758531804241,2883,2891,-0.00165158129493282,-0.0166321366644378,-4.12561233476132,-6.10813031362946,3.54884649866385,2.85330938205669,京都,B1,西,20,-0.0716791431393028,60,20,40,4479,4874,-395,0,0,1,2,0,2,1,0,0,0,2,1,2,1,1,0,1,1,0,0,3,0,0,1,1,0,0,0,0,0,0,0,0,0,0,0,0,0,0,0,0,0,2.76881011275943,3.21911647745264,5.98792659021207,0.561664124037498,0.656286380070617,1.21795050410812
8736,696,2,Yoshiaki Fujinaga,藤永 佳昭,0.458686985761941,1413,1484,0.0570954944772287,-0.00911331755061526,2.54586347743036,-5.11108401727033,10.2203223108555,3.85035567841582,富山,B1,西,14,-0.0788465115089564,60,18,42,4908,5314,-406,1,1,2,1,0,1,0,1,0,0,0,1,1,0,0,0,1,0,2,1,1,1,2,0,0,1,0,0,0,0,0,0,0,0,0,0,0,0,0,0,0,0,1.35286409083923,0.940570837970479,2.29343492880971,0.274409541134468,0.189266226702007,0.463675767836475
15752,696,3,Yuzo Okada,岡田 雄三,4.06736262597606,4093,4096,0.0542767463324378,0.0259392841534967,2.22575886249489,-0.46287182094463,9.90021769592006,8.49856787474152,富山,B1,西,14,-0.0788465115089564,60,18,42,4908,5314,-406,1,1,2,1,0,1,0,1,0,0,0,1,1,0,0,0,1,0,2,1,1,1,2,0,0,1,0,0,0,0,0,0,0,0,0,0,0,0,0,0,0,0,10.3336250321186,10.0031880977617,20.3368131298803,2.30971573822669,2.21748001913264,4.52719575735934
9345,696,6,Nyika Williams,ウィリアムス ニカ,4.51581209401351,3839,3774,0.100056500691084,0.059280734752502,7.42463080424549,3.95843015902528,15.0990896376707,12.9198698547114,富山,B1,西,14,-0.0788465115089564,60,18,42,4908,5314,-406,1,1,2,1,0,1,0,1,0,0,0,1,1,0,0,0,1,0,2,1,1,1,2,0,0,1,0,0,0,0,0,0,0,0,0,0,0,0,0,0,0,0,11.9080056780452,10.6710547920223,22.5790604700676,2.86356735802499,2.46917078524355,5.33273814326854
51000118,696,7,Kazuki Miyamoto,宮本 一樹,1.44992437233445,2690,2792,0.0556028950372375,-0.0279042522966034,2.37635987354356,-7.60288912788544,10.0508187069687,1.35855056780071,富山,B1,西,14,-0.0788465115089564,60,18,42,4908,5314,-406,1,1,2,1,0,1,0,1,0,0,0,1,1,0,0,0,1,0,2,1,1,1,2,0,0,1,0,0,0,0,0,0,0,0,0,0,0,0,0,0,0,0,4.76980473307063,2.47981712860161,7.24962186167224,1.00355021211967,0.501993617946038,1.50554383006571
51000524,696,8,Trey Kell,トレイ・ケル,4.82726269797688,4118,4013,0.105413595196909,0.0377367758364108,8.0329968539506,1.10155541300129,15.7074556873758,10.0629951086874,富山,B1,西,14,-0.0788465115089564,60,18,42,4908,5314,-406,1,1,2,1,0,1,0,1,0,0,0,1,1,0,0,0,1,0,2,1,1,1,2,0,0,1,0,0,0,0,0,0,0,0,0,0,0,0,0,0,0,0,13.6568391471823,10.4794743427021,24.1363134898844,3.4054343748056,2.36392432139048,5.76935869619608
8501,696,9,Takeshi Mito,水戸 健史,0.171922630756384,870,902,5.88591501509971e-05,0.0483053600207569,-3.93137012087093,2.50302119629035,3.74308871255423,11.4644608919765,富山,B1,西,14,-0.0788465115089564,60,18,42,4908,5314,-406,1,1,2,1,0,1,0,1,0,0,0,1,1,0,0,0,1,0,2,1,1,1,2,0,0,1,0,0,0,0,0,0,0,0,0,0,0,0,0,0,0,0,0.248773216372851,0.610839937409069,0.85961315378192,0.0498161158320884,0.123023504288667,0.172839620120756
8503,696,11,Naoki Uto,宇都 直輝,2.24247025056255,3394,3411,0.0314295914654581,-0.00499079801176327,-0.368825447771019,-4.56441002822275,7.30563338565415,4.3970296674634,富山,B1,西,14,-0.0788465115089564,60,18,42,4908,5314,-406,1,1,2,1,0,1,0,1,0,0,0,1,1,0,0,0,1,0,2,1,1,1,2,0,0,1,0,0,0,0,0,0,0,0,0,0,0,0,0,0,0,0,5.98057601992528,5.23177523288746,11.2123512528127,1.25744395232621,1.08607289804525,2.34351685037146
51000158,696,12,Brock Motum,ブロック・モータム,4.94128606900871,4617,4740,0.0978935023146952,-0.0139771573350695,7.17899489539012,-5.75606208759777,14.8534537288153,3.20537760808838,富山,B1,西,14,-0.0788465115089564,60,18,42,4908,5314,-406,1,1,2,1,0,1,0,1,0,0,0,1,1,0,0,0,1,0,2,1,1,1,2,0,0,1,0,0,0,0,0,0,0,0,0,0,0,0,0,0,0,0,15.9401808780158,8.76624946702773,24.7064303450436,4.08195455073546,1.85326345663484,5.9352180073703
51000104,696,13,Matthew Aquino,マシュー・アキノ,0.190059114590019,1486,1613,-0.0326487168798686,-0.039292932066089,-7.64573035908892,-9.11310513557085,0.0287284743362465,-0.151665439884699,富山,B1,西,14,-0.0788465115089564,60,18,42,4908,5314,-406,1,1,2,1,0,1,0,1,0,0,0,1,1,0,0,0,1,0,2,1,1,1,2,0,0,1,0,0,0,0,0,0,0,0,0,0,0,0,0,0,0,0,0.310924766115056,0.639370806835038,0.950295572950095,0.0622260475857888,0.128178392196433,0.190404439782222
51000435,696,17,Haruaki Tanaka,田中 晴瑛,1.56590650263391,2417,2469,0.060713671102554,0.0242827498731138,2.95675333914384,-0.682539476735334,10.631212172569,8.27890021895081,富山,B1,西,14,-0.0788465115089564,60,18,42,4908,5314,-406,1,1,2,1,0,1,0,1,0,0,0,1,1,0,0,0,1,0,2,1,1,1,2,0,0,1,0,0,0,0,0,0,0,0,0,0,0,0,0,0,0,0,4.04084262830716,3.78868988486237,7.82953251316953,0.84511207159548,0.786528896609922,1.6316409682054
51000155,696,21,Hayato Kamata,鎌田 隼,0.000312609511883763,173,193,-0.107346271521077,-0.030443008551474,-16.1285854198482,-7.93954538772601,-8.45412658642307,1.02189430796013,富山,B1,西,14,-0.0788465115089564,60,18,42,4908,5314,-406,1,1,2,1,0,1,0,1,0,0,0,1,1,0,0,0,1,0,2,1,1,1,2,0,0,1,0,0,0,0,0,0,0,0,0,0,0,0,0,0,0,0,-0.00597397027368836,0.00753701783310717,0.00156304755941881,-0.00119481553509763,0.00150743822694154,0.00031262269184391
51000390,696,24,Yannis Morin,ヤニス・モラン,3.59451395354367,3914,3978,0.0100932430763646,0.0625388819695673,-2.79183851399388,4.39048252876452,4.88262031943128,13.3519222244507,富山,B1,西,14,-0.0788465115089564,60,18,42,4908,5314,-406,1,1,2,1,0,1,0,1,0,0,0,1,1,0,0,0,1,0,2,1,1,1,2,0,0,1,0,0,0,0,0,0,0,0,0,0,0,0,0,0,0,0,6.09545065496795,11.8771191127504,17.9725697677183,1.26690207025628,2.80727089593582,4.07417296619209
51000536,717,0,Jamorko Pickett,ジャモルコ・ピケット,2.55096831996371,4053,4104,-0.0191912100423644,0.0131534658416572,-6.11745971448676,-2.15835785415754,1.5569991189384,6.80308184152861,FE名古屋,B1,西,17,-0.0459857809266457,60,18,42,4800,5071,-271,1,1,1,1,0,0,1,1,0,0,0,0,2,1,0,0,0,2,1,1,1,2,1,0,0,1,0,0,0,0,0,0,0,0,0,0,0,0,0,0,0,0,3.72719328569191,9.02764831412664,12.7548415998186,0.755170531923897,1.95817830802472,2.71334883994862
9489,717,3,Narito Namizato,並里 成,3.16670595381277,3292,3282,0.0631193627843088,0.0615968178885706,3.22995015201437,4.26555845642397,10.9044089854395,13.2269981521101,FE名古屋,B1,西,17,-0.0459857809266457,60,18,42,4800,5071,-271,1,1,1,1,0,0,1,1,0,0,0,0,2,1,0,0,0,2,1,1,1,2,1,0,0,1,0,0,0,0,0,0,0,0,0,0,0,0,0,0,0,0,7.39224879580269,8.44128097326114,15.8335297690638,1.60961215016748,1.89609767770927,3.50570982787675
51000502,717,6,Tyrell Taku Sudo,須藤 タイレル拓,1.14200391886631,2024,1995,-0.00226018922545055,0.113270366469829,-4.19472748703382,11.1178206870662,3.47973134639135,20.0792603827524,FE名古屋,B1,西,17,-0.0459857809266457,60,18,42,4800,5071,-271,1,1,1,1,0,0,1,1,0,0,0,0,2,1,0,0,0,2,1,1,1,2,1,0,0,1,0,0,0,0,0,0,0,0,0,0,0,0,0,0,0,0,1.34573378683201,4.36428580749955,5.71001959433155,0.27096275288458,0.945711547133254,1.21667430001783
49518,717,7,Haruki Ito,伊藤 治輝,0.00284729798317787,237,212,0.0337583470461181,-0.1237840918181,-0.104365705312789,-20.3172046930348,7.57009312811238,-11.3557649973486,FE名古屋,B1,西,17,-0.0459857809266457,60,18,42,4800,5071,-271,1,1,1,1,0,0,1,1,0,0,0,0,2,1,0,0,0,2,1,1,1,2,1,0,0,1,0,0,0,0,0,0,0,0,0,0,0,0,0,0,0,0,0.0228692830276336,-0.00863279311174431,0.0142364899158893,0.00457449885325501,-0.00172660178741694,0.00284789706583807
51000124,717,9,Riku Utsunomiya,宇都宮 陸,-0.000118810931402611,38,43,-0.0102576213266659,-0.0433162547164698,-5.10293737019173,-9.64662494591518,2.57152146323344,-0.685185250229036,FE名古屋,B1,西,17,-0.0459857809266457,60,18,42,4800,5071,-271,1,1,1,1,0,0,1,1,0,0,0,0,2,1,0,0,0,2,1,1,1,2,1,0,0,1,0,0,0,0,0,0,0,0,0,0,0,0,0,0,0,0,-0.000338906283775518,-0.000255148373237537,-0.000594054657013055,-6.77813380387567e-05,-5.10297017352336e-05,-0.00011881103977399
30512,717,10,Tensho Sugimoto,杉本 天昇,1.38231257427846,2597,2509,0.0379340032545615,0.00178879753023664,0.369833036130931,-3.66538978001154,8.0442918695561,5.29604991567461,FE名古屋,B1,西,17,-0.0459857809266457,60,18,42,4800,5071,-271,1,1,1,1,0,0,1,1,0,0,0,0,2,1,0,0,0,2,1,1,1,2,1,0,0,1,0,0,0,0,0,0,0,0,0,0,0,0,0,0,0,0,3.80291040660608,3.1086524647862,6.91156287139228,0.786732645649151,0.63676034095509,1.42349298660424
51000443,717,12,Katsuki Hiramatsu,平松 克樹,0.535188675745417,1626,1660,-0.0438784801543972,0.0728326779356423,-8.92101245743905,5.75550953474524,-1.24655362401388,14.7169492304314,FE名古屋,B1,西,17,-0.0459857809266457,60,18,42,4800,5071,-271,1,1,1,1,0,0,1,1,0,0,0,0,2,1,0,0,0,2,1,1,1,2,1,0,0,1,0,0,0,0,0,0,0,0,0,0,0,0,0,0,0,0,0.191843427270245,2.48409995145684,2.67594337872709,0.0383767410266013,0.514709918977347,0.553086660003949
51000380,717,17,Soichiro Kanda,神田 壮一郎,0.0254693094169845,446,471,0.0238369526765012,-0.04516937599623,-1.23106591447417,-9.89236136818029,6.44339291895099,-0.930921672494136,FE名古屋,B1,西,17,-0.0459857809266457,60,18,42,4800,5071,-271,1,1,1,1,0,0,1,1,0,0,0,0,2,1,0,0,0,2,1,1,1,2,1,0,0,1,0,0,0,0,0,0,0,0,0,0,0,0,0,0,0,0,0.0857240809462632,0.0416224661386596,0.127346547084923,0.0171543751548393,0.00832547354190034,0.0254798486967397
51000500,717,20,Francis Lopez,フランシス・ロペス,1.91779906982763,3055,3183,-0.00307354461296262,0.0317028651943264,-4.2870943107979,0.301418028768678,3.38736452262726,9.26285772445483,FE名古屋,B1,西,17,-0.0459857809266457,60,18,42,4800,5071,-271,1,1,1,1,0,0,1,1,0,0,0,0,2,1,0,0,0,2,1,1,1,2,1,0,0,1,0,0,0,0,0,0,0,0,0,0,0,0,0,0,0,0,3.0284218031922,6.56057354594594,9.58899534913814,0.614908531334756,1.40760453087235,2.02251306220711
5100000056,717,22,Jeremy Jones,ジェレミー・ジョーンズ,2.46157629071993,2619,2652,0.0589187623139003,0.125365290340152,2.75291867314217,12.721689441866,10.4273775065673,21.6831291375521,FE名古屋,B1,西,17,-0.0459857809266457,60,18,42,4800,5071,-271,1,1,1,1,0,0,1,1,0,0,0,0,2,1,0,0,0,2,1,1,1,2,1,0,0,1,0,0,0,0,0,0,0,0,0,0,0,0,0,0,0,0,4.651823947113,7.65605750648667,12.3078814535997,0.978908756643829,1.78521570413968,2.76412446078351
10878,717,23,Ryuto Yasuoka,保岡 龍斗,5.69974626851939,4546,4556,0.0491365792925944,0.0903127992852861,1.64202767883672,8.07349191837914,9.31648651226189,17.0349316140653,FE名古屋,B1,西,17,-0.0459857809266457,60,18,42,4800,5071,-271,1,1,1,1,0,0,1,1,0,0,0,0,2,1,0,0,0,2,1,1,1,2,1,0,0,1,0,0,0,0,0,0,0,0,0,0,0,0,0,0,0,0,12.0124516071544,16.4862797354426,28.4987313425969,2.71902109105598,4.38202643848387,7.10104752953985
26912,717,54,Sean O'mara,ショーン・オマラ,6.4259347296246,4778,4770,0.0677910295247714,0.0852392781828036,3.76047718254251,7.40070868631142,11.4349360159677,16.3621483819976,FE名古屋,B1,西,17,-0.0459857809266457,60,18,42,4800,5071,-271,1,1,1,1,0,0,1,1,0,0,0,0,2,1,0,0,0,2,1,1,1,2,1,0,0,1,0,0,0,0,0,0,0,0,0,0,0,0,0,0,0,0,14.724918090761,17.404755557362,32.129673648123,3.53005189602186,4.6607418414131,8.19079373743496
51000428,704,1,Yuta Watanabe,渡邊 雄太,6.76819275684007,4315,4279,0.16019455676661,0.13775875846724,14.2540700780589,14.3651471854419,21.9285289114841,23.326586881128,千葉J,B1,東,9,0.0916770686840847,60,42,18,5060,4610,450,1,2,2,1,2,2,2,3,0,2,4,2,2,2,0,1,2,1,1,2,2,2,3,1,0,0,0,0,0,0,0,0,0,0,0,0,0,0,0,0,1,0.393,16.9997132021325,16.8412505820678,33.8409637842004,4.96205092215945,4.90907369538541,9.87112461754486
9055,704,2,Yuki Togashi,富樫 勇樹,6.25380599649773,4145,4162,0.145811606036874,0.123155348915437,12.6207035378498,12.4286362536822,20.295162371275,21.3900759493683,千葉J,B1,東,9,0.0916770686840847,60,42,18,5060,4610,450,1,2,2,1,2,2,2,3,0,2,4,2,2,2,0,1,2,1,1,2,2,2,3,1,0,0,0,0,0,0,0,0,0,0,0,0,0,0,0,0,1,0.393,15.5676171072927,15.701412875196,31.2690299824886,4.28870498622968,4.34623419272027,8.63493917894995
8656,704,4,Naoki Tashiro,田代 直希,2.2224543531909,2196,2128,0.122451956113866,0.18226678631152,9.9679189116496,20.2672128753594,17.6423777450748,29.2286525710456,千葉J,B1,東,9,0.0916770686840847,60,42,18,5060,4610,450,1,2,2,1,2,2,2,3,0,2,4,2,2,2,0,1,2,1,1,2,2,2,3,1,0,0,0,0,0,0,0,0,0,0,0,0,0,0,0,0,1,0.393,4.8880307270562,6.22424103889832,11.1122717659545,1.06256955298273,1.45877377472769,2.52134332771042
51000467,704,5,Riku Segawa,瀬川 琉久,0.923951739781803,1803,1792,0.0162340538961805,0.0907601118644435,-2.09447153337116,8.13280859345965,5.57998730005401,17.0942482891458,千葉J,B1,東,9,0.0916770686840847,60,42,18,5060,4610,450,1,2,2,1,2,2,2,3,0,2,4,2,2,2,0,1,2,1,1,2,2,2,3,1,0,0,0,0,0,0,0,0,0,0,0,0,0,0,0,0,1,0.393,1.42701924713639,3.19273945177262,4.61975869890901,0.288146720923607,0.672092016036608,0.960238736960215
51000429,704,7,Michael Ou,マイケル・オウ,0.167737426707725,818,838,0.017337275527407,0.0551925536565974,-1.96918671993195,3.41630967988999,5.70527211349322,12.3777493755761,千葉J,B1,東,9,0.0916770686840847,60,42,18,5060,4610,450,1,2,2,1,2,2,2,3,0,2,4,2,2,2,0,1,2,1,1,2,2,2,3,1,0,0,0,0,0,0,0,0,0,0,0,0,0,0,0,0,1,0.393,0.286313832395394,0.552373301143231,0.838687133538625,0.0573688915820705,0.111207107021643,0.168575998603714
51000517,704,8,Nassir Little,ナシール・リトル,4.73348660527251,3773,3776,0.0823171660726781,0.109102366881026,5.41010428908653,10.5651157356195,13.0845631225117,19.5265554313056,千葉J,B1,東,9,0.0916770686840847,60,42,18,5060,4610,450,1,2,2,1,2,2,2,3,0,2,4,2,2,2,0,1,2,1,1,2,2,2,3,1,0,0,0,0,0,0,0,0,0,0,0,0,0,0,0,0,1,0.393,10.6263751460479,13.0410578803147,23.6674330263625,2.45538839865409,3.34036079368007,5.79574919233417
51000430,704,10,D.J. Hogg,ディー・ジェイ・ホグ,6.69759046325339,4159,4258,0.157568137070083,0.163738025888434,13.9558067986066,17.8101738541651,21.6302656320317,26.7716135498513,千葉J,B1,東,9,0.0916770686840847,60,42,18,5060,4610,450,1,2,2,1,2,2,2,3,0,2,4,2,2,2,0,1,2,1,1,2,2,2,3,1,0,0,0,0,0,0,0,0,0,0,0,0,0,0,0,0,1,0.393,16.0497146520377,17.4382376642293,33.4879523162669,4.55998641465432,5.41467095961976,9.97465737427407
8580,704,11,Fumio Nishimura,西村 文男,0.00760456555874338,280,331,-0.0404579120944512,-0.0214991940254912,-8.532563555499,-6.75353505638815,-0.85810472207383,2.207904639298,千葉J,B1,東,9,0.0916770686840847,60,42,18,5060,4610,450,1,2,2,1,2,2,2,3,0,2,4,2,2,2,0,1,2,1,1,2,2,2,3,1,0,0,0,0,0,0,0,0,0,0,0,0,0,0,0,0,1,0.393,0.00578169987449282,0.0322411279192241,0.0380228277937169,0.0011563474082727,0.00644914819440969,0.0076054956026824
51000267,704,12,Ren Kanechika,金近 廉,2.00242253747564,2233,2332,0.0767937527025804,0.125822290407966,4.78285062215925,12.7822907435003,12.4573094555844,21.7437304391864,千葉J,B1,東,9,0.0916770686840847,60,42,18,5060,4610,450,1,2,2,1,2,2,2,3,0,2,4,2,2,2,0,1,2,1,1,2,2,2,3,1,0,0,0,0,0,0,0,0,0,0,0,0,0,0,0,0,1,0.393,3.89833230596335,6.11378038141485,10.0121126873782,0.818835324015067,1.38068355456009,2.19951887857516
8582,704,25,Gaku Arao,荒尾 岳,0.0146283097231723,299,349,-0.052645193530988,0.0351376860794382,-9.91658398973408,0.756898522489003,-2.24212515630891,9.71833821817515,千葉J,B1,東,9,0.0916770686840847,60,42,18,5060,4610,450,1,2,2,1,2,2,2,3,0,2,4,2,2,2,0,1,2,1,1,2,2,2,3,1,0,0,0,0,0,0,0,0,0,0,0,0,0,0,0,0,1,0.393,0.00135058809329954,0.0717909605225618,0.0731415486158613,0.000270117701751326,0.0143673626426271,0.0146374803443784
8584,704,31,Shuta Hara,原 修太,4.96432241213002,3550,3653,0.128902073280548,0.131154270909314,10.7004115523082,13.4893474409217,18.3748703857333,22.4507871366078,千葉J,B1,東,9,0.0916770686840847,60,42,18,5060,4610,450,1,2,2,1,2,2,2,3,0,2,4,2,2,2,0,1,2,1,1,2,2,2,3,1,0,0,0,0,0,0,0,0,0,0,0,0,0,0,0,0,1,0.393,11.6653130658036,13.1562989948465,24.8216120606501,2.89280368055218,3.4825730820932,6.37537676264538
5100000054,704,33,John Mooney,ジョン・ムーニー,2.27888948790766,2033,2002,0.194656700615837,0.197607265023138,18.1676837533687,22.3014641656553,25.8421425867939,31.2629038613415,千葉J,B1,東,9,0.0916770686840847,60,42,18,5060,4610,450,1,2,2,1,2,2,2,3,0,2,4,2,2,2,0,1,2,1,1,2,2,2,3,1,0,0,0,0,0,0,0,0,0,0,0,0,0,0,0,0,1,0.393,5.56422473130792,5.83022270823038,11.3944474395383,1.27325386591379,1.36407500789036,2.63732887380415
14301,729,2,Takumi Saito,齋藤 拓実,5.84503387855654,4279,4115,0.0694330918951526,0.174908195245309,3.94695419849808,19.2914139024199,11.6214130319232,28.252853598106,名古屋D,B1,西,18,0.0931491069877643,60,41,19,4973,4502,471,1,1,2,4,0,0,2,2,1,2,2,2,1,4,0,3,2,0,1,3,2,1,2,0,1,2,0,0,0,0,0,0,0,0,0,0,0,0,0,0,1,0,12.3156661300834,16.9095032626993,29.2251693927827,2.86842101852535,5.2835543485337,8.15197536705905
51000119,729,3,Taketo Kato,加藤 嵩都,1.72909867938335,2404,2231,-0.00872198566655633,0.195010797765276,-4.92854645748497,21.9571550362723,2.74591237594019,30.9185947319585,名古屋D,B1,西,18,0.0931491069877643,60,41,19,4973,4502,471,1,1,2,4,0,0,2,2,1,2,2,2,1,4,0,3,2,0,1,3,2,1,2,0,1,2,0,0,0,0,0,0,0,0,0,0,0,0,0,0,1,0,1.67701124059247,6.96848215632429,8.64549339691676,0.33789649505256,1.68142156565845,2.01931806071101
51000498,729,4,Hiyuu Ozawa,小澤 飛悠,0.574954554261317,1357,1221,0.00214125186643378,0.182136578726626,-3.69488800741145,20.2499464684529,3.97957082601371,29.211386164139,名古屋D,B1,西,18,0.0931491069877643,60,41,19,4973,4502,471,1,1,2,4,0,0,2,2,1,2,2,2,1,4,0,3,2,0,1,3,2,1,2,0,1,2,0,0,0,0,0,0,0,0,0,0,0,0,0,0,1,0,0.645655928638636,2.22911684266795,2.87477277130659,0.129574683100851,0.470537174899937,0.600111858000789
32995,729,5,Isaiah Murphy,アイザイア・マーフィー,2.58988456145814,3001,2855,-0.0124297927785864,0.204715788444843,-5.34961499815782,23.2441024766587,2.32484383526735,32.2055421723448,名古屋D,B1,西,18,0.0931491069877643,60,41,19,4973,4502,471,1,1,2,4,0,0,2,2,1,2,2,2,1,4,0,3,2,0,1,3,2,1,2,0,1,2,0,0,0,0,0,0,0,0,0,0,0,0,0,0,1,0,2.41493590002819,10.5344869072625,12.9494228072907,0.487788395028965,2.85075710934133,3.3385455043703
51000222,729,7,Yuto Imanishi,今西 優斗,0.00239996569193728,126,128,-0.117982591566787,0.226305525178419,-17.3364745102071,26.1070476710719,-9.66201567678197,35.068487366758,名古屋D,B1,西,18,0.0931491069877643,60,41,19,4973,4502,471,1,1,2,4,0,0,2,2,1,2,2,2,1,4,0,3,2,0,1,3,2,1,2,0,1,2,0,0,0,0,0,0,0,0,0,0,0,0,0,0,1,0,-0.00288430312589783,0.0148841315855842,0.0119998284596864,-0.000576865182590856,0.00297743339235234,0.00240056820976148
8738,729,8,Tenketsu Harimoto,張本 天傑,0.74808238551341,1405,1396,-0.00958325884647243,0.214895671464617,-5.02635495453739,24.5940238550804,2.64810387888777,33.5554635507665,名古屋D,B1,西,18,0.0931491069877643,60,41,19,4973,4502,471,1,1,2,4,0,0,2,2,1,2,2,2,1,4,0,3,2,0,1,3,2,1,2,0,1,2,0,0,0,0,0,0,0,0,0,0,0,0,0,0,1,0,0.553483437197983,3.18692849036907,3.74041192756705,0.110956794134893,0.696171976303037,0.80712877043793
51000268,729,11,Aaron Henry,アーロン・ヘンリー,7.53135428316813,5264,5026,0.0504804552540849,0.186881631478381,1.79464184479863,20.8791725743807,9.4691006782238,29.8406122700669,名古屋D,B1,西,18,0.0931491069877643,60,41,19,4973,4502,471,1,1,2,4,0,0,2,2,1,2,2,2,1,4,0,3,2,0,1,3,2,1,2,0,1,2,0,0,0,0,0,0,0,0,0,0,0,0,0,0,1,0,15.6495938289899,22.0071775868508,37.6567714158406,3.69225892044103,8.14052653425258,11.8327854546936
51000264,729,15,Alan Williams,アラン・ウィリアムズ,2.7423712342464,2938,2702,0.0365056714096186,0.167563009236164,0.207627833062165,18.3173925307628,7.88208666648733,27.2788322264489,名古屋D,B1,西,18,0.0931491069877643,60,41,19,4973,4502,471,1,1,2,4,0,0,2,2,1,2,2,2,1,4,0,3,2,0,1,3,2,1,2,0,1,2,0,0,0,0,0,0,0,0,0,0,0,0,0,0,1,0,4.76728272472165,8.94457344651036,13.711856171232,0.994309166183909,2.22792814784716,3.22223731403107
22486,729,21,Makoto Kamata,鎌田 真,-0.000415278310941333,69,56,-0.0989341203186151,0.37724561167378,-15.1732789209617,46.1227245924198,-7.49882008753651,55.0841642881059,名古屋D,B1,西,18,0.0931491069877643,60,41,19,4973,4502,471,1,1,2,4,0,0,2,2,1,2,2,2,1,4,0,3,2,0,1,3,2,1,2,0,1,2,0,0,0,0,0,0,0,0,0,0,0,0,0,0,1,0,-7.09336020524555e-06,-0.00206929819450142,-0.00207639155470667,-1.41867204130322e-06,-0.000413868158905055,-0.000415286830946358
51000499,729,23,Jake koki Holtz,ジェイク幸輝・ホルツ,0.0216477370839437,486,479,-0.0970735536975931,0.0494039972988938,-14.9619879750555,2.64870793414453,-7.28752914163037,11.6101476298307,名古屋D,B1,西,18,0.0931491069877643,60,41,19,4973,4502,471,1,1,2,4,0,0,2,2,1,2,2,2,1,4,0,3,2,0,1,3,2,1,2,0,1,2,0,0,0,0,0,0,0,0,0,0,0,0,0,0,1,0,-0.0537516809532717,0.16199036637299,0.108238685419719,-0.0107523194529429,0.0324541130682318,0.0217017936152889
14302,729,30,Keita Imamura,今村 佳太,5.50163457832967,4082,3888,0.0721202593783414,0.190365793960767,4.25211615986837,21.3411960978073,11.9265749932935,30.3026357934935,名古屋D,B1,西,18,0.0931491069877643,60,41,19,4973,4502,471,1,1,2,4,0,0,2,2,1,2,2,2,1,4,0,3,2,0,1,3,2,1,2,0,1,2,0,0,0,0,0,0,0,0,0,0,0,0,0,0,1,0,11.5248642640161,15.9833086276322,27.5081728916483,2.665321511185,4.99805791289412,7.66337942407912
9435,729,34,Kyle Richardson,カイル・リチャードソン,4.24888051018759,3808,3631,0.029192368482354,0.163573958546052,-0.622890502449544,17.7884174142775,7.05156833097562,26.7498571099637,名古屋D,B1,西,18,0.0931491069877643,60,41,19,4973,4502,471,1,1,2,4,0,0,2,2,1,2,2,2,1,4,0,3,2,0,1,3,2,1,2,0,1,2,0,0,0,0,0,0,0,0,0,0,0,0,0,0,1,0,7.27854852423307,13.9658540267049,21.244402550938,1.54506975677894,3.95201976859166,5.4970895253706
5100000046,729,43,Scott Eatherton,スコット・エサトン,4.87776661850412,3822,3518,0.0635194084689723,0.232228121421459,3.27538041511981,26.8924240126969,10.949839248545,35.853863708383,名古屋D,B1,西,18,0.0931491069877643,60,41,19,4973,4502,471,1,1,2,4,0,0,2,2,1,2,2,2,1,4,0,3,2,0,1,3,2,1,2,0,1,2,0,0,0,0,0,0,0,0,0,0,0,0,0,0,1,0,9.73283116858547,14.6560019239351,24.3888330925206,2.18035392450191,4.70703053689834,6.88738446140025
10850,702,1,Kohei Sekino,関野 剛平,1.05981867262277,2139,2224,0.0772386473982859,-0.0235481137567303,4.83337405949395,-7.02523567834,12.5078328929191,1.93620401734615,北海道,B1,東,1,0.0199239473702146,60,37,23,5298,5204,94,0,2,2,2,2,2,1,2,1,1,3,1,2,3,0,0,1,1,2,2,1,2,2,1,1,0,0,0,0,0,0,0,0,0,0,0,0,0,0,0,0,0,3.59804424960972,1.70104911350414,5.29909336311386,0.752945052771264,0.343259695621871,1.09620474839313
51000102,702,2,Dwight Ramos,ドワイト・ラモス,5.30263633125401,4356,4174,0.241627735081533,-0.00656414029724132,23.5018406657372,-4.77304586250652,31.1762994991624,4.18839383317963,北海道,B1,東,1,0.0199239473702146,60,37,23,5298,5204,94,0,2,2,2,2,2,1,2,1,1,3,1,2,3,0,0,1,1,2,2,1,2,2,1,1,0,0,0,0,0,0,0,0,0,0,0,0,0,0,0,0,0,18.942891102422,7.57029055384803,26.51318165627,6.83158292809984,1.59677758232167,8.42836051042151
20017,702,5,Kevin Jones,ケビン・ジョーンズ,4.37239551719871,4116,4187,0.228838399891301,-0.0391025538865591,22.0494493891645,-9.08785970062496,29.7239082225897,-0.126420004938817,北海道,B1,東,1,0.0199239473702146,60,37,23,5298,5204,94,0,2,2,2,2,2,1,2,1,1,3,1,2,3,0,0,1,1,2,2,1,2,2,1,1,0,0,0,0,0,0,0,0,0,0,0,0,0,0,0,0,0,17.4818397640891,4.38013782190448,21.8619775859936,5.87451874423583,0.890933134536621,6.76545187877245
51000350,702,6,Hiroto Kikuchi,菊地 広人,0.803660603331933,1844,1819,0.0924160482232937,-0.0280604568222533,6.55696048767086,-7.62360290506455,14.231419321096,1.3378367906216,北海道,B1,東,1,0.0199239473702146,60,37,23,5298,5204,94,0,2,2,2,2,2,1,2,1,1,3,1,2,3,0,0,1,1,2,2,1,2,2,1,1,0,0,0,0,0,0,0,0,0,0,0,0,0,0,0,0,0,2.97537553266602,1.04292748399364,4.01830301665966,0.620264826307661,0.209628727792527,0.829893554100188
51000349,702,8,Yu Kibayashi,木林 優,0.0958893567790482,763,781,0.101315656054711,-0.0933414604399466,7.56762387142051,-16.2803057588373,15.2420827048457,-7.3188660631511,北海道,B1,東,1,0.0199239473702146,60,37,23,5298,5204,94,0,2,2,2,2,2,1,2,1,1,3,1,2,3,0,0,1,1,2,2,1,2,2,1,1,0,0,0,0,0,0,0,0,0,0,0,0,0,0,0,0,0,0.528951897491411,-0.0495051135961705,0.479446783895241,0.106567210288474,-0.00990162254686629,0.0966655877416077
51000446,702,12,Shuto Ichiba,市場 脩斗,1.90485993651896,2720,2656,0.193017386635487,-0.0693371014104026,17.9815188519716,-13.0971653075817,25.6559776853968,-4.13572561189558,北海道,B1,東,1,0.0199239473702146,60,37,23,5298,5204,94,0,2,2,2,2,2,1,2,1,1,3,1,2,3,0,0,1,1,2,2,1,2,2,1,1,0,0,0,0,0,0,0,0,0,0,0,0,0,0,0,0,0,9.07912262493755,0.44517705765723,9.52429968259478,2.27302950909079,0.0890731520971123,2.3621026611879
51000108,702,14,Kyosuke Hoshino,星野 京介,0.106981743102171,992,983,0.0339224139286573,-0.0775039580803783,-0.0857338291886533,-14.1801457693308,7.58872500423651,-5.21870607364463,北海道,B1,東,1,0.0199239473702146,60,37,23,5298,5204,94,0,2,2,2,2,2,1,2,1,1,3,1,2,3,0,0,1,1,2,2,1,2,2,1,1,0,0,0,0,0,0,0,0,0,0,0,0,0,0,0,0,0,0.523687236172649,0.0112214793382055,0.534908715510854,0.10518092424395,0.00224430027699632,0.107425224520947
51000234,702,15,Ren Shimatani,島谷 怜,3.63846932920175,3103,3084,0.214936193021503,0.0392258687468336,20.4706774137278,1.29901921001462,28.145136247153,10.2604589057008,北海道,B1,東,1,0.0199239473702146,60,37,23,5298,5204,94,0,2,2,2,2,2,1,2,1,1,3,1,2,3,0,0,1,1,2,2,1,2,2,1,1,0,0,0,0,0,0,0,0,0,0,0,0,0,0,0,0,0,11.6525749412654,6.53977170474334,18.1923466460088,3.20970638459972,1.40954269756048,4.6192490821602
51000202,702,18,Teruchika Naito,内藤 耀悠,0.0155906163085566,287,283,0.0826722378563273,-0.0217623604253667,5.45042719512179,-6.78843270192927,13.124886028547,2.17300699375688,北海道,B1,東,1,0.0199239473702146,60,37,23,5298,5204,94,0,2,2,2,2,2,1,2,1,1,3,1,2,3,0,0,1,1,2,2,1,2,2,1,1,0,0,0,0,0,0,0,0,0,0,0,0,0,0,0,0,0,0.0555316045066428,0.0224214770361404,0.0779530815427832,0.0111125962071923,0.00448471985585999,0.0155973160630522
51000296,702,21,John Harrar,ジョン・ハーラー,3.09509027691594,3218,2995,0.145386484793603,0.0137622473818872,12.5724256269163,-2.07762930213502,20.2468844603415,6.88381039355113,北海道,B1,東,1,0.0199239473702146,60,37,23,5298,5204,94,0,2,2,2,2,2,1,2,1,1,3,1,2,3,0,0,1,1,2,2,1,2,2,1,1,0,0,0,0,0,0,0,0,0,0,0,0,0,0,0,0,0,10.4785244686028,4.9969269159769,15.4754513845797,2.58480282061053,1.04486725970834,3.62967008031887
51000514,702,22,Jahlil Okafor,ジャリル・オカフォー,4.77479941822787,4089,4086,0.18772934490013,-0.00554143700751172,17.3809946204658,-4.63742848538082,25.0554534538909,4.32401121030533,北海道,B1,東,1,0.0199239473702146,60,37,23,5298,5204,94,0,2,2,2,2,2,1,2,1,1,3,1,2,3,0,0,1,1,2,2,1,2,2,1,1,0,0,0,0,0,0,0,0,0,0,0,0,0,0,0,0,0,16.5143782908511,7.35961880028823,23.8739970911393,5.0049877070026,1.55112388498753,6.55611159199013
19755,702,30,Keisei Tominaga,富永 啓生,5.24798353828981,4436,4378,0.228499976977194,-0.0184890604066666,22.0110171734996,-6.35437096815018,29.6854760069247,2.60706872753596,北海道,B1,東,1,0.0199239473702146,60,37,23,5298,5204,94,0,2,2,2,2,2,1,2,1,1,3,1,2,3,0,0,1,1,2,2,1,2,2,1,1,0,0,0,0,0,0,0,0,0,0,0,0,0,0,0,0,0,19.1821333600908,7.05778433135827,26.239917691449,6.78792304937332,1.47119329621579,8.25911634558911
19998,702,34,Kaito Morizane,盛實 海翔,0.0182530421094475,458,476,-0.00520213816691853,-0.0524245119820034,-4.52882311555202,-10.8544414973456,3.14563571787315,-1.89300180165948,北海道,B1,東,1,0.0199239473702146,60,37,23,5298,5204,94,0,2,2,2,2,2,1,2,1,1,3,1,2,3,0,0,1,1,2,2,1,2,2,1,1,0,0,0,0,0,0,0,0,0,0,0,0,0,0,0,0,0,0.0576891184178775,0.0335760921293599,0.0912652105472374,0.0115405847110649,0.00671572223535317,0.0182563069464181
51000133,692,3,Kazuma Okajima,岡島 和真,0.971202396334107,2570,2530,-0.00611205137521531,-0.0069852441523325,-4.63215530495135,-4.82888708341438,3.04230352847382,4.13255261227177,仙台,B1,東,2,0.0273725750229669,60,35,25,4967,4790,177,0,0,4,2,1,0,2,3,0,1,3,2,1,1,3,0,1,1,1,2,2,2,0,1,0,2,0,0,0,0,0,0,0,0,0,0,0,0,0,0,0,0,2.02259701204821,2.83341496962233,4.85601198167054,0.408362513522335,0.577784488952446,0.986147002474781
8737,692,7,Seiya Funyu,船生 誠也,3.60377485560356,3017,3157,0.175528415306207,0.0588337690185216,15.9954242647973,3.89915947796244,23.6698830982225,12.8605991736486,仙台,B1,東,2,0.0273725750229669,60,35,25,4967,4790,177,0,0,4,2,1,0,2,3,0,1,3,2,1,1,3,0,1,1,1,2,2,2,0,1,0,2,0,0,0,0,0,0,0,0,0,0,0,0,0,0,0,0,10.2707606010149,7.74811367700295,18.0188742780178,2.60452904515573,1.71960830843759,4.32413735359333
51000531,692,8,Jarrett Culver,ジャレット・カルバー,7.50538164537479,5071,5163,0.127338135520068,0.0541442562083385,10.5228065770192,3.27729834414077,18.1972654104443,12.2387380398269,仙台,B1,東,2,0.0273725750229669,60,35,25,4967,4790,177,0,0,4,2,1,0,2,3,0,1,3,2,1,1,3,0,1,1,1,2,2,2,0,1,0,2,0,0,0,0,0,0,0,0,0,0,0,0,0,0,0,0,19.9681471308951,17.5587610959789,37.5269082268739,5.82447218724858,4.44965677876591,10.2741289660145
51000530,692,9,Sergio El Darwich,セルジオ・エル ダーウィッチ,5.3592139205667,3931,4010,0.159302590663604,0.0611208405368524,14.1527760101707,4.2024406385197,21.8272348435959,13.1638803342058,仙台,B1,東,2,0.0273725750229669,60,35,25,4967,4790,177,0,0,4,2,1,0,2,3,0,1,3,2,1,1,3,0,1,1,1,2,2,2,0,1,0,2,0,0,0,0,0,0,0,0,0,0,0,0,0,0,0,0,14.8389992594091,11.9570703434244,26.7960696028335,4.11022575606274,2.82460789734536,6.9348336534081
5100000012,692,11,Hirohide Araya,荒谷 裕秀,1.36851948833871,2314,2191,0.00488182931582054,0.0979231930823831,-3.38366066673613,9.08268163745092,4.29079816668904,18.0441213331371,仙台,B1,東,2,0.0273725750229669,60,35,25,4967,4790,177,0,0,4,2,1,0,2,3,0,1,3,2,1,1,3,0,1,1,1,2,2,2,0,1,0,2,0,0,0,0,0,0,0,0,0,0,0,0,0,0,0,0,1.99318280794985,4.8494146337437,6.84259744169355,0.403188955052178,1.05306959167188,1.45625854672406
30526,692,15,Shota Watanabe,渡辺 翔太,4.34927815546721,3359,3459,0.151195550088144,0.0841242377776034,13.232118694096,7.25284678280429,20.9065775275212,16.2142864784904,仙台,B1,東,2,0.0273725750229669,60,35,25,4967,4790,177,0,0,4,2,1,0,2,3,0,1,3,2,1,1,3,0,1,1,1,2,2,2,0,1,0,2,0,0,0,0,0,0,0,0,0,0,0,0,0,0,0,0,11.4254243638563,10.3209664134797,21.7463907773361,2.89569319484015,2.43880042978036,5.3344936246205
51000532,692,21,Boubacar Toure,ブーバカー・トゥーレ,3.39877731138828,3434,3426,0.0657909643120285,0.0564346879532262,3.53334440164684,3.58102509347901,11.207803235072,12.5424647891652,仙台,B1,東,2,0.0273725750229669,60,35,25,4967,4790,177,0,0,4,2,1,0,2,3,0,1,3,2,1,1,3,0,1,1,1,2,2,2,0,1,0,2,0,0,0,0,0,0,0,0,0,0,0,0,0,0,0,0,8.13731881219037,8.85656774475104,16.9938865569414,1.79148259142257,1.99216522266389,3.78364781408646
15834,692,23,Ryota Hanzawa,半澤 凌太,0.127810440172505,1033,1017,-0.0353457874555398,0.00326562682252746,-7.95201694225687,-3.46955222175372,-0.277558108831709,5.49188747393243,仙台,B1,東,2,0.0273725750229669,60,35,25,4967,4790,177,0,0,4,2,1,0,2,3,0,1,3,2,1,1,3,0,1,1,1,2,2,2,0,1,0,2,0,0,0,0,0,0,0,0,0,0,0,0,0,0,0,0,0.129915643408033,0.509136557454492,0.639052200862525,0.0259893274170317,0.102214748086216,0.128204075503248
51000445,692,24,Kosei Niinuma,新沼 康生,-0.000187973934401612,188,173,-0.0935239834296699,-0.0405731813477018,-14.5588892356738,-9.28287485410309,-6.88443040224859,-0.32143515841694,仙台,B1,東,2,0.0273725750229669,60,35,25,4967,4790,177,0,0,4,2,1,0,2,3,0,1,3,2,1,1,3,0,1,1,1,2,2,2,0,1,0,2,0,0,0,0,0,0,0,0,0,0,0,0,0,0,0,0,-0.00543760141162789,0.00449773173961983,-0.000939869672008059,-0.00108753399893438,0.000899555514915881,-0.000187978484018504
51000144,692,45,Nathan Boothe,ネイサン・ブース,4.14517057226731,3828,3770,0.0686066252958682,0.0591658347559822,3.85309843028769,3.94319364192766,11.5275572637129,12.9046333376138,仙台,B1,東,2,0.0273725750229669,60,35,25,4967,4790,177,0,0,4,2,1,0,2,3,0,1,3,2,1,1,3,0,1,1,1,2,2,2,0,1,0,2,0,0,0,0,0,0,0,0,0,0,0,0,0,0,0,0,10.080878756129,10.6449741052076,20.7258528613366,2.27953719315844,2.46191377205412,4.74145096521256
15815,692,75,Soichiro Inoue,井上 宗一郎,0.188265538724483,1293,1267,0.00105737040761738,-0.0416379953476908,-3.8179764988935,-9.42407639638367,3.85648233453167,-0.462636700697518,仙台,B1,東,2,0.0273725750229669,60,35,25,4967,4790,177,0,0,4,2,1,0,2,3,0,1,3,2,1,1,3,0,1,1,1,2,2,2,0,1,0,2,0,0,0,0,0,0,0,0,0,0,0,0,0,0,0,0,0.573956723807744,0.367370969814671,0.941327693622415,0.11513421851903,0.0735675404250314,0.188701758944061
51000342,692,96,Masato Abe,阿部 真冴橙,-8.45557904293575e-05,27,27,-0.024629385678743,-0.0518198533882337,-6.73503355528961,-10.7742596759248,0.939425278135561,-1.81281998023868,仙台,B1,東,2,0.0273725750229669,60,35,25,4967,4790,177,0,0,4,2,1,0,2,3,0,1,3,2,1,1,3,0,1,1,1,2,2,2,0,1,0,2,0,0,0,0,0,0,0,0,0,0,0,0,0,0,0,0,-0.000223788096696507,-0.00019899085545028,-0.000422778952146787,-4.47576656962494e-05,-3.97982036814392e-05,-8.45558693776885e-05
51000277,712,0,Robert Franks,ロバート・フランクス,4.6957004975132,4389,4501,0.0365770034849102,0.0438003180439091,0.215728495242988,1.90562214333256,7.89018732866815,10.8670618390187,茨城,B1,東,4,-0.0645471657974467,60,19,41,4572,4883,-311,0,0,4,0,0,1,0,2,1,0,0,1,0,1,1,0,1,0,2,0,2,1,1,1,0,0,0,0,0,0,0,0,0,0,0,0,0,0,0,0,0,0,10.1881310153682,13.2903714721978,23.478502487566,2.23312655116576,3.12679907324947,5.35992562441524
8456,712,1,Genki Kojima,小島 元基,0.14774747721266,966,1008,-0.0126684504566666,0.00327598565707297,-5.37671760549236,-3.46817857019197,2.29774122793281,5.49326112549417,茨城,B1,東,4,-0.0645471657974467,60,19,41,4572,4883,-311,0,0,4,0,0,1,0,2,1,0,0,1,0,1,1,0,1,0,2,0,2,1,1,1,0,0,0,0,0,0,0,0,0,0,0,0,0,0,0,0,0,0,0.238796016325104,0.499941369738193,0.738737386063298,0.0478032778655154,0.10036162718842,0.148164905053936
15829,712,3,Noboru Hasegawa,長谷川 暢,3.15560336408741,3437,3440,0.037480053929763,0.063512953264371,0.318281330781389,4.5196509742573,7.99274016420655,13.4810906699434,茨城,B1,東,4,-0.0645471657974467,60,19,41,4572,4883,-311,0,0,4,0,0,1,0,2,1,0,0,1,0,1,1,0,1,0,2,0,2,1,1,1,0,0,0,0,0,0,0,0,0,0,0,0,0,0,0,0,0,0,6.5040052692265,9.27401155121054,15.778016820437,1.37888822538902,2.11196953538139,3.4908577607704
5100000032,712,7,Hayate Komasawa,駒沢 颯,1.77438013780067,2977,3082,-0.0170840778707426,0.0438478045663585,-5.8781681219897,1.91191917756338,1.79629071143547,10.8733588732495,茨城,B1,東,4,-0.0645471657974467,60,19,41,4572,4883,-311,0,0,4,0,0,1,0,2,1,0,0,1,0,1,1,0,1,0,2,0,2,1,1,1,0,0,0,0,0,0,0,0,0,0,0,0,0,0,0,0,0,0,2.12518708407167,6.74671360493166,8.87190068900333,0.428349598694253,1.46214225808999,1.89049185678424
51000489,712,8,Tyler Cook,タイラー・クック,0.369564153409551,1915,1982,-0.0510769424542698,-0.00682612402794921,-9.73848918266068,-4.80778667811258,-2.06403034923552,4.15365301757357,茨城,B1,東,4,-0.0645471657974467,60,19,41,4572,4883,-311,0,0,4,0,0,1,0,2,1,0,0,1,0,1,1,0,1,0,2,0,2,1,1,1,0,0,0,0,0,0,0,0,0,0,0,0,0,0,0,0,0,0,0.104850274715962,1.74297049233179,1.84782076704775,0.0209710027881893,0.352747218402234,0.373718221190423
33036,712,9,Jae-Min Yang,ヤン ジェミン,0.229343839090102,1260,1312,-0.0197446397988803,-0.00233480762109896,-6.18030868502382,-4.21220772862108,1.49415014840135,4.74923196706507,茨城,B1,東,4,-0.0645471657974467,60,19,41,4572,4883,-311,0,0,4,0,0,1,0,2,1,0,0,1,0,1,1,0,1,0,2,0,2,1,1,1,0,0,0,0,0,0,0,0,0,0,0,0,0,0,0,0,0,0,0.345451419932608,0.801267775517901,1.14671919545051,0.0691687442401791,0.161164065459381,0.23033280969956
51000479,712,10,Ru Jingaoka,陳岡 流羽,2.61996287701705,3118,3103,0.0416511892084584,0.0582837209459682,0.79196666329257,3.82621938121897,8.46642549671774,12.7876590769051,茨城,B1,東,4,-0.0645471657974467,60,19,41,4572,4883,-311,0,0,4,0,0,1,0,2,1,0,0,1,0,1,1,0,1,0,2,0,2,1,1,1,0,0,0,0,0,0,0,0,0,0,0,0,0,0,0,0,0,0,5.61520418241021,7.48461020267503,13.0998143850852,1.18344783792807,1.65436355747996,2.83781139540803
18845,712,13,Kohei Nakamura,中村 功平,1.49192889004815,2307,2318,0.070033360286148,0.0293233506526315,4.01512229024924,-0.0141217022734028,11.6895811236744,8.94731799341275,茨城,B1,東,4,-0.0645471657974467,60,19,41,4572,4883,-311,0,0,4,0,0,1,0,2,1,0,0,1,0,1,1,0,1,0,2,0,2,1,1,1,0,0,0,0,0,0,0,0,0,0,0,0,0,0,0,0,0,0,3.95989601103508,3.49974843920566,7.45964445024074,0.830320394370149,0.725637520538986,1.55595791490913
18478,712,14,Kotaro Hisaoka,久岡 幸太郎,0.391877449649731,1732,1767,-0.0379580117067945,0.0065905995767383,-8.24866814879275,-3.02863833356264,-0.574209315367581,5.93280136212351,茨城,B1,東,4,-0.0645471657974467,60,19,41,4572,4883,-311,0,0,4,0,0,1,0,2,1,0,0,1,0,1,1,0,1,0,2,0,2,1,1,1,0,0,0,0,0,0,0,0,0,0,0,0,0,0,0,0,0,0,0.327403552329468,1.63198369591919,1.95938724824865,0.0655160216277224,0.330695753313029,0.396211774940752
12634,712,21,Eric Jacobsen,エリック・ジェイコブセン,4.18691563291527,4546,4569,-0.0114669872078855,0.0679829648808963,-5.24027620993138,5.11240476437648,2.43418262349379,14.0738444600626,茨城,B1,東,4,-0.0645471657974467,60,19,41,4572,4883,-311,0,0,4,0,0,1,0,2,1,0,0,1,0,1,1,0,1,0,2,0,2,1,1,1,0,0,0,0,0,0,0,0,0,0,0,0,0,0,0,0,0,0,5.62745413472838,15.307124029848,20.9345781645763,1.15264781032775,3.84115872318976,4.99380653351751
8561,712,25,Atsunobu Hirao,平尾 充庸,-7.40332984602888e-05,78,89,-0.0638954903618397,-0.108017494317252,-11.1941979339258,-18.2264471676268,-3.51973910050067,-9.26500747194063,茨城,B1,東,4,-0.0645471657974467,60,19,41,4572,4883,-311,0,0,4,0,0,1,0,2,1,0,0,1,0,1,1,0,1,0,2,0,2,1,1,1,0,0,0,0,0,0,0,0,0,0,0,0,0,0,0,0,0,0,-3.83549825140476e-05,-0.000331811509787396,-0.000370166492301444,-7.67099653084046e-06,-6.63623158643509e-05,-7.40333123951913e-05
22405,712,29,Keita Tsurumaki,鶴巻 啓太,1.29481616901186,2676,2799,-0.0378363812439664,0.0449777951889211,-8.23485546654232,2.06176358106491,-0.56039663311715,11.0232032767511,茨城,B1,東,4,-0.0645471657974467,60,19,41,4572,4883,-311,0,0,4,0,0,1,0,2,1,0,0,1,0,1,1,0,1,0,2,0,2,1,1,1,0,0,0,0,0,0,0,0,0,0,0,0,0,0,0,0,0,0,0.797697544567496,5.67638330049182,6.47408084505931,0.1597537666554,1.21490734810328,1.37466111475868
51000497,726,0,Didi Louzada,ディディ・ロウザダ,1.20664571137835,1741,1698,0.131849369734969,0.082000079357346,11.0351144587692,6.97116900152821,18.7095732921944,15.9326086972144,SR渋谷,B1,東,11,-0.0406957593668015,60,25,35,4589,4808,-219,1,1,2,2,0,0,1,1,0,1,0,3,1,2,1,1,2,0,1,0,1,2,1,1,0,0,0,0,0,0,0,0,0,0,0,0,0,0,0,0,0,0,3.29251935752377,2.74070919936798,6.03322855689175,0.697978803503083,0.57136152506124,1.26934032856432
51000496,726,1,Donte Grantham,ドンテ・グランタム,4.78351304581091,4336,4278,0.0604171346044102,0.0411086203498121,2.92307785744888,1.54868481365481,10.597536690874,10.510124509341,SR渋谷,B1,東,11,-0.0406957593668015,60,25,35,4589,4808,-219,1,1,2,2,0,0,1,1,0,1,0,3,1,2,1,1,2,0,1,0,1,2,1,1,0,0,0,0,0,0,0,0,0,0,0,0,0,0,0,0,0,0,11.9343458742731,11.9832193547814,23.9175652290545,2.73596822612795,2.76361020026324,5.49957842639119
5100000034,726,3,John Lawrence Harper Jr.,ジャン・ローレンス・ハーパージュニア,3.4819000956002,3329,3178,0.0710044993678199,0.098150940028448,4.12540745437852,9.11288242372382,11.7998662878037,18.07432211941,SR渋谷,B1,東,11,-0.0406957593668015,60,25,35,4589,4808,-219,1,1,2,2,0,0,1,1,0,1,0,3,1,2,1,1,2,0,1,0,1,2,1,1,0,0,0,0,0,0,0,0,0,0,0,0,0,0,0,0,0,0,7.95482938154297,9.45467109645804,17.409500478001,1.75456155768517,2.23132871181626,3.98589026950143
51000180,726,4,Troy Murphy Jr.,トロイ・マーフィージュニア,0.807894616696931,1981,1916,-0.00506837154788476,0.0492985986759991,-4.51363221878596,2.63473136348794,3.1608266146392,11.5961710591741,SR渋谷,B1,東,11,-0.0406957593668015,60,25,35,4589,4808,-219,1,1,2,2,0,0,1,1,0,1,0,3,1,2,1,1,2,0,1,0,1,2,1,1,0,0,0,0,0,0,0,0,0,0,0,0,0,0,0,0,0,0,1.22169820487854,2.81777487860612,4.03947308348465,0.245755537332054,0.583109437995701,0.828864975327755
12598,726,8,Josh Hawkinson,ジョシュ・ホーキンソン,6.03182095527058,4744,4634,0.0695838540683999,0.0650121190924827,3.96407515607755,4.7184505083223,11.6385339895027,13.6798902040085,SR渋谷,B1,東,11,-0.0406957593668015,60,25,35,4589,4808,-219,1,1,2,2,0,0,1,1,0,1,0,3,1,2,1,1,2,0,1,0,1,2,1,1,0,0,0,0,0,0,0,0,0,0,0,0,0,0,0,0,0,0,14.6901162738088,15.4689885025441,30.1591047763529,3.52970321005505,3.87295514857181,7.40265835862686
8447,726,9,Leo Vendrame,ベンドラメ 礼生,2.42648895418762,3418,3308,0.00479043928037792,0.0461818751180231,-3.39403916477909,2.22143272799577,4.28041966864608,11.1828724236819,SR渋谷,B1,東,11,-0.0406957593668015,60,25,35,4589,4808,-219,1,1,2,2,0,0,1,1,0,1,0,3,1,2,1,1,2,0,1,0,1,2,1,1,0,0,0,0,0,0,0,0,0,0,0,0,0,0,0,0,0,0,4.32342277353489,7.80902199740324,12.1324447709381,0.886512014450162,1.71778070284877,2.60429271729893
15853,726,12,Reiya Nozaki,野﨑 零也,0.475640051161886,2083,2001,-0.0282336750991894,-0.0124944248153125,-7.14434634869407,-5.5594417214292,0.5301124847311,3.40199797425695,SR渋谷,B1,東,11,-0.0406957593668015,60,25,35,4589,4808,-219,1,1,2,2,0,0,1,1,0,1,0,3,1,2,1,1,2,0,1,0,1,2,1,1,0,0,0,0,0,0,0,0,0,0,0,0,0,0,0,0,0,0,0.737077239215422,1.641123016594,2.37820025580943,0.147694696201093,0.331616192027059,0.479310888228152
9037,726,13,Daiki Tanaka,田中 大貴,3.23504323348949,3493,3422,0.0667757824265215,0.0355118434653673,3.64518299350679,0.806514323886615,11.319641826932,9.76795401957276,SR渋谷,B1,東,11,-0.0406957593668015,60,25,35,4589,4808,-219,1,1,2,2,0,0,1,1,0,1,0,3,1,2,1,1,2,0,1,0,1,2,1,1,0,0,0,0,0,0,0,0,0,0,0,0,0,0,0,0,0,0,8.44930516497026,7.72591100247719,16.1752161674475,1.86882079783949,1.6840198469004,3.55284064473989
42616,726,14,Toyoshige Kano,狩野 富成,0.0205473487085289,725,695,-0.0688907519709783,-0.0281713656809578,-11.7614732674281,-7.63831017027878,-4.08701443400297,1.32312952540737,SR渋谷,B1,東,11,-0.0406957593668015,60,25,35,4589,4808,-219,1,1,2,2,0,0,1,1,0,1,0,3,1,2,1,1,2,0,1,0,1,2,1,1,0,0,0,0,0,0,0,0,0,0,0,0,0,0,0,0,0,0,-0.0401981082538103,0.142934851796455,0.102736743542645,-0.00803999430658164,0.028605221119871,0.0205652268132893
8658,726,32,Morihisa Yamauchi,山内 盛久,0.214128454403297,905,837,0.107524285398461,-0.00932261299590462,8.27269250588895,-5.13883800967413,15.9471513393141,3.82260168601202,SR渋谷,B1,東,11,-0.0406957593668015,60,25,35,4589,4808,-219,1,1,2,2,0,0,1,1,0,1,0,3,1,2,1,1,2,0,1,0,1,2,1,1,0,0,0,0,0,0,0,0,0,0,0,0,0,0,0,0,0,0,0.782212349894569,0.288429922121918,1.07064227201649,0.158241609703131,0.0577895994144318,0.216031209117563
51000171,726,40,Thomas Welsh,トーマス・ウェルシュ,1.75641556025954,2951,2699,0.00560864474126427,0.0506029099537025,-3.30112155364765,2.80769186553576,4.37333727977751,11.7691315612219,SR渋谷,B1,東,11,-0.0406957593668015,60,25,35,4589,4808,-219,1,1,2,2,0,0,1,1,0,1,0,3,1,2,1,1,2,0,1,0,1,2,1,1,0,0,0,0,0,0,0,0,0,0,0,0,0,0,0,0,0,0,3.27573609099557,5.50634171030213,8.7820778012977,0.667748177453732,1.17956772364448,1.84731590109821
8493,726,43,Yuya Nagayoshi,永吉 佑也,0.00524746933535012,236,246,-0.0541388211125991,0.0129984737995701,-10.0862043521464,-2.17891084781102,-2.41174551872127,6.78252884787513,SR渋谷,B1,東,11,-0.0406957593668015,60,25,35,4589,4808,-219,1,1,2,2,0,0,1,1,0,1,0,3,1,2,1,1,2,0,1,0,1,2,1,1,0,0,0,0,0,0,0,0,0,0,0,0,0,0,0,0,0,0,0.000396495048228691,0.0258408516285219,0.0262373466767506,7.92990130202881e-05,0.00516903035346727,0.00524832936648756
55000162,726,77,Kouei Omori,大森 康瑛,-0.00200500474018711,185,161,-0.187711931853829,0.00640368312912747,-25.2551257964304,-3.05342471942958,-17.5806669630052,5.90801497625657,SR渋谷,B1,東,11,-0.0406957593668015,60,25,35,4589,4808,-219,1,1,2,2,0,0,1,1,0,1,0,3,1,2,1,1,2,0,1,0,1,2,1,1,0,0,0,0,0,0,0,0,0,0,0,0,0,0,0,0,0,0,-0.0182053154721976,0.00818029177126207,-0.0100250237009356,-0.00364159483188727,0.00163612203612366,-0.00200547279576362
30397,693,2,Tsubasa Kurihara,栗原 翼,0.153035335939546,1804,1880,-0.110019521979013,0.00658812048994068,-16.4321669264277,-3.02896707724865,-8.75770809300249,5.9324726184375,秋田,B1,東,3,-0.154130698701409,60,10,50,4396,5132,-736,0,0,0,0,0,0,2,0,0,0,0,1,1,0,0,2,1,0,1,1,1,0,0,0,0,0,0,0,0,0,0,0,0,0,0,0,0,0,0,0,0,0,-1.08321663795249,1.84839331765022,0.765176679697728,-0.217832765207151,0.375214321759714,0.157381556552563
8468,693,5,Shigehiro Taguchi,田口 成浩,0.0229725815493596,568,551,-0.0514839906086473,-0.0164682892595061,-9.78471466504654,-6.08640303893617,-2.11025583162137,2.87503665674998,秋田,B1,東,3,-0.154130698701409,60,10,50,4396,5132,-736,0,0,0,0,0,0,2,0,0,0,0,1,1,0,0,2,1,0,1,1,1,0,0,0,0,0,0,0,0,0,0,0,0,0,0,0,0,0,0,0,0,0,0.00767176528637174,0.107191142460426,0.114862907746798,0.00153435727736432,0.0214504734247214,0.0229848307020857
30465,693,6,Raita Akaho,赤穂 雷太,0.0816645252044948,1338,1337,-0.0618966468427341,-0.0355833926478806,-10.967203891843,-8.62119510526789,-3.29274505841784,0.340244590418259,秋田,B1,東,3,-0.154130698701409,60,10,50,4396,5132,-736,0,0,0,0,0,0,2,0,0,0,0,1,1,0,0,2,1,0,1,1,1,0,0,0,0,0,0,0,0,0,0,0,0,0,0,0,0,0,0,0,0,0,-0.067367039942056,0.47568966596453,0.408322626022474,-0.0134739229689286,0.0953201359698623,0.0818462130009336
51000521,693,10,Yanni Wetzell,ヤニー・ウェッツェル,1.88806379158589,4366,4371,-0.0662929300842755,0.0196251634345003,-11.4664576321183,-1.30016695763256,-3.79199879869312,7.66127273805358,秋田,B1,東,3,-0.154130698701409,60,10,50,4396,5132,-736,0,0,0,0,0,0,2,0,0,0,0,1,1,0,0,2,1,0,1,1,1,0,0,0,0,0,0,0,0,0,0,0,0,0,0,0,0,0,0,0,0,0,-1.27100832917985,10.7113272871093,9.44031895792943,-0.254527219364709,2.37639487541898,2.12186765605427
51000361,693,12,Taiyo Motoda,元田 大陽,0.400768466042338,3086,3146,-0.0778524873470383,-0.0249395261319712,-12.7791920221202,-7.20974637535781,-5.10473318869507,1.75169332032834,秋田,B1,東,3,-0.154130698701409,60,10,50,4396,5132,-736,0,0,0,0,0,0,2,0,0,0,0,1,1,0,0,2,1,0,1,1,1,0,0,0,0,0,0,0,0,0,0,0,0,0,0,0,0,0,0,0,0,0,-1.31747635189514,3.32131868210683,2.00384233021169,-0.264222970689394,0.675781209922333,0.411558239232939
32953,693,14,Teru Sugawara,菅原 暉,0.521081346106016,2128,2158,-0.0247515137970477,-0.0186449128824958,-6.74890275263346,-6.37503806114065,0.925556080791705,2.5864016345455,秋田,B1,東,3,-0.154130698701409,60,10,50,4396,5132,-736,0,0,0,0,0,0,2,0,0,0,0,1,1,0,0,2,1,0,1,1,1,0,0,0,0,0,0,0,0,0,0,0,0,0,0,0,0,0,0,0,0,0,0.86684225338038,1.7385644771497,2.60540673053008,0.173804159626688,0.351177503669998,0.524981663296686
51000335,693,15,Tanner Leissner,タナー・ライスナー,0.0113156947471951,785,798,-0.0619329871508826,-0.0582604032474799,-10.9713307949039,-11.6283201721898,-3.29687196147869,-2.66688047650365,秋田,B1,東,3,-0.154130698701409,60,10,50,4396,5132,-736,0,0,0,0,0,0,2,0,0,0,0,1,1,0,0,2,1,0,1,1,1,0,0,0,0,0,0,0,0,0,0,0,0,0,0,0,0,0,0,0,0,0,-0.0224369568471258,0.0790154305831014,0.0565784737359755,-0.00448744663983,0.0158054226794597,0.0113179760396297
10848,693,17,Takuya Nakayama,中山 拓哉,1.36045246862726,4475,4585,-0.0780440512818225,-0.00132038912559054,-12.8009465373979,-4.07768897127453,-5.1264877039727,4.88375072441162,秋田,B1,東,3,-0.154130698701409,60,10,50,4396,5132,-736,0,0,0,0,0,0,2,0,0,0,0,1,1,0,0,2,1,0,1,1,1,0,0,0,0,0,0,0,0,0,0,0,0,0,0,0,0,0,0,0,0,0,-2.80465585173063,9.60691819486693,6.8022623431363,-0.564289416743657,2.06656779798372,1.50227838124006
51000522,693,22,Ali Mezher,アリ・メザー,0.221127023904456,1733,1743,-0.0563609025798319,-0.0192838773747113,-10.3385498955886,-6.45976907685259,-2.66409106216342,2.50167061883356,秋田,B1,東,3,-0.154130698701409,60,10,50,4396,5132,-736,0,0,0,0,0,0,2,0,0,0,0,1,1,0,0,2,1,0,1,1,1,0,0,0,0,0,0,0,0,0,0,0,0,0,0,0,0,0,0,0,0,0,-0.0121109385065715,1.11774605802885,1.10563511952228,-0.00242218948479125,0.224951115737994,0.222528926253203
12605,693,24,Kanji Takahira,髙比良 寛治,0.820912624292408,2484,2629,-0.050661586181443,0.0145908239412737,-9.69132020801498,-1.96775444316049,-2.01686137458982,6.99368525252566,秋田,B1,東,3,-0.154130698701409,60,10,50,4396,5132,-736,0,0,0,0,0,0,2,0,0,0,0,1,1,0,0,2,1,0,1,1,1,0,0,0,0,0,0,0,0,0,0,0,0,0,0,0,0,0,0,0,0,0,0.193873199457684,3.91068992200436,4.10456312146204,0.0387782015583193,0.809944609733043,0.848722811291362
51000523,693,25,Keanu Pinder,キアヌ・ピンダー,0.680855086726802,3240,3222,-0.0593935916325237,-0.0222566531920035,-10.6829502150087,-6.85397926779709,-3.00849138158356,2.10746042788906,秋田,B1,東,3,-0.154130698701409,60,10,50,4396,5132,-736,0,0,0,0,0,0,2,0,0,0,0,1,1,0,0,2,1,0,1,1,1,0,0,0,0,0,0,0,0,0,0,0,0,0,0,0,0,0,0,0,0,0,-0.242773998819747,3.64704943245376,3.40427543363401,-0.048558910446408,0.744018371363258,0.69545946091685
10258,693,77,Alistair Tokio Tsuchiya,土屋 アリスター時生,0.166170585345089,2021,2245,-0.10859006776331,-0.00946617253046664,-16.2698342639189,-5.15787497546294,-8.59537543049376,3.80356472022321,秋田,B1,東,3,-0.154130698701409,60,10,50,4396,5132,-736,0,0,0,0,0,0,2,0,0,0,0,1,1,0,0,2,1,0,1,1,1,0,0,0,0,0,0,0,0,0,0,0,0,0,0,0,0,0,0,0,0,0,-1.32781949375212,2.15867242047757,0.830852926725446,-0.267313005276764,0.437910485796242,0.170597480519478
51000513,727,1,Omar Jamaleddine,オマール・ジャマレディン,0.287182295169239,1435,1488,-0.0427619631357065,0.0157535313713817,-8.79421778406698,-1.81357156957502,-1.11975895064181,7.14786812611113,川崎,B1,東,12,-0.0975650501949427,60,16,44,4554,5042,-488,1,0,1,1,0,1,1,0,0,0,1,0,3,1,0,0,2,0,1,1,0,1,0,0,0,1,0,0,0,0,0,0,0,0,0,0,0,0,0,0,0,0,0.162569753207537,1.27334172263866,1.43591147584619,0.0325202442420653,0.257538038024569,0.290058282266635
51000491,727,2,Roy Hideki Igwe,伊久江 ロイ英輝,0.0420472218683549,425,449,0.0389773203282268,0.0288930831516209,0.488314927015167,-0.0711780846430273,8.16277376044033,8.89026161104312,川崎,B1,東,12,-0.0975650501949427,60,16,44,4554,5042,-488,1,0,1,1,0,1,1,0,0,0,1,0,3,1,0,0,2,0,1,1,0,1,0,0,0,1,0,0,0,0,0,0,0,0,0,0,0,0,0,0,0,0,0.0918113733236791,0.118424736018095,0.210236109341774,0.0183752106668959,0.0237098356225911,0.042085046289487
10852,727,3,Kanta Mizuno,水野 幹太,0.312434289268156,1145,1284,0.0135942778361949,0.0232766588077135,-2.39425159735422,-0.815953960495589,5.28020723607095,8.14548573519056,川崎,B1,東,12,-0.0975650501949427,60,16,44,4554,5042,-488,1,0,1,1,0,1,1,0,0,0,1,0,3,1,0,0,2,0,1,1,0,1,0,0,0,1,0,0,0,0,0,0,0,0,0,0,0,0,0,0,0,0,0.545252896756184,1.0169185495846,1.56217144634078,0.109425755272441,0.205340958689101,0.314766713961542
51000510,727,5,Emanuel Terry,エマニュエル・テリー,1.66321050064152,3871,4049,-0.0231827824696005,-0.0268947392450064,-6.57075340699657,-7.469020865598,1.10370542642859,1.49241883008815,川崎,B1,東,12,-0.0975650501949427,60,16,44,4554,5042,-488,1,0,1,1,0,1,1,0,0,0,1,0,3,1,0,0,2,0,1,1,0,1,0,0,0,1,0,0,0,0,0,0,0,0,0,0,0,0,0,0,0,0,3.0371417326704,5.27891077053718,8.31605250320758,0.613163215445642,1.08417935388734,1.69734256933298
8484,727,7,Ryusei Shinoyama,篠山 竜青,1.97576508383536,2949,3071,0.0321288864447027,0.0145920501979839,-0.289411630516331,-1.9675918332223,7.38504720290883,6.99384786246385,川崎,B1,東,12,-0.0975650501949427,60,16,44,4554,5042,-488,1,0,1,1,0,1,1,0,0,0,1,0,3,1,0,0,2,0,1,1,0,1,0,0,0,1,0,0,0,0,0,0,0,0,0,0,0,0,0,0,0,0,4.5921937706902,5.2866316484866,9.87882541917679,0.95445229180869,1.10883958071661,2.0632918725253
8654,727,13,Shota Tsuyama,津山 尚大,2.19373511685575,3705,3825,0.0170496223190714,-0.0241093252592076,-2.00185339136174,-7.09965612143731,5.67260544206342,1.86178357424884,川崎,B1,東,12,-0.0975650501949427,60,16,44,4554,5042,-488,1,0,1,1,0,1,1,0,0,0,1,0,3,1,0,0,2,0,1,1,0,1,0,0,0,1,0,0,0,0,0,0,0,0,0,0,0,0,0,0,0,0,6.01135202248973,4.95732356178904,10.9686755842788,1.2537749036465,1.01780134826302,2.27157625190952
51000494,727,14,Dušan Ristić,ドゥシャン・リスティッチ,2.55899239755257,3641,3775,0.024805086811885,-0.00426334501141673,-1.1211220001214,-4.46794483750717,6.55333683330377,4.49349485817898,川崎,B1,東,12,-0.0975650501949427,60,16,44,4554,5042,-488,1,0,1,1,0,1,1,0,0,0,1,0,3,1,0,0,2,0,1,1,0,1,0,0,0,1,0,0,0,0,0,0,0,0,0,0,0,0,0,0,0,0,6.37309239205548,6.42186959570739,12.7949619877629,1.33902183661583,1.34534933011718,2.68437116673301
15826,727,17,Ryo Iida,飯田 遼,0.798386683404907,2632,2770,-0.0279332929276458,-0.0201854460023389,-7.11023414199226,-6.5793231780328,0.564224691432911,2.38211651765335,川崎,B1,東,12,-0.0975650501949427,60,16,44,4554,5042,-488,1,0,1,1,0,1,1,0,0,0,1,0,3,1,0,0,2,0,1,1,0,1,0,0,0,1,0,0,0,0,0,0,0,0,0,0,0,0,0,0,0,0,1.19658894778858,2.79534446923595,3.99193341702453,0.2400678101956,0.567901541884496,0.807969352080096
18433,727,25,Rosco Allen,ロスコ・アレン,2.75495094795852,4044,4111,0.0200023986765587,-0.016859501601299,-1.66652817238084,-6.13828044289679,6.00793066104433,2.82315925278936,川崎,B1,東,12,-0.0975650501949427,60,16,44,4554,5042,-488,1,0,1,1,0,1,1,0,0,0,1,0,3,1,0,0,2,0,1,1,0,1,0,0,0,1,0,0,0,0,0,0,0,0,0,0,0,0,0,0,0,0,7.37242303728578,6.40233170250683,13.7747547397926,1.55596458452096,1.33068682992492,2.88665141444588
8492,727,33,Takumi Hasegawa,長谷川 技,0.375997575951998,1491,1555,0.020776697638593,-0.0218748323743301,-1.5785967012613,-6.80334724348967,6.09586213216387,2.15809245219648,川崎,B1,東,12,-0.0975650501949427,60,16,44,4554,5042,-488,1,0,1,1,0,1,1,0,0,0,1,0,3,1,0,0,2,0,1,1,0,1,0,0,0,1,0,0,0,0,0,0,0,0,0,0,0,0,0,0,0,0,1.03135372388378,0.848634155876206,1.87998787975999,0.20777863161773,0.170495272305781,0.378273903923511
51000441,727,45,Jaheru Ryuto Yamauchi,山内 ジャヘル琉人,0.544053377267349,2002,1996,0.0105229297922545,-0.0348141212351174,-2.74304213571972,-8.51918451006944,4.93141669770545,0.442255185616704,川崎,B1,東,12,-0.0975650501949427,60,16,44,4554,5042,-488,1,0,1,1,0,1,1,0,0,0,1,0,3,1,0,0,2,0,1,1,0,1,0,0,0,1,0,0,0,0,0,0,0,0,0,0,0,0,0,0,0,0,1.62524805527405,1.09501883106269,2.72026688633674,0.328339171455865,0.220005820863136,0.548344992319001
10849,721,3,Tatsuya Ito,伊藤 達哉,1.46599201436551,1967,1791,0.115074682624577,0.109590556281145,9.13013590718833,10.6298529537839,16.8045947406135,19.5912926494701,広島,B1,西,23,0.0255705601357745,60,31,29,5160,5044,116,0,2,2,1,1,2,2,1,1,1,1,2,1,0,1,0,1,0,4,2,2,1,0,2,1,0,0,0,0,0,0,0,0,0,0,0,0,0,0,0,0,0,3.82973157612834,3.50022849569921,7.32996007182755,0.814948910361259,0.745212898151657,1.56016180851292
33040,721,4,Kaine Roberts,ロバーツ ケイン,0.37756705414207,1400,1335,0.0259223767962219,0.00616217093459533,-0.994239546693143,-3.08545087080236,6.68021928673202,5.87598882488378,広島,B1,西,23,0.0255705601357745,60,31,29,5160,5044,116,0,2,2,1,1,2,2,1,1,1,1,2,1,0,1,0,1,0,4,2,2,1,0,2,1,0,0,0,0,0,0,0,0,0,0,0,0,0,0,0,0,0,0.96745090810165,0.920384362608702,1.88783527071035,0.194901809915791,0.185413491820074,0.380315301735865
51000550,721,5,Ryugo Matsumura,松村 竜吾,0.0001740611468366,19,15,-0.165268839143476,-0.11988742200524,-22.7064278706207,-19.8004799060395,-15.0319690371955,-10.8390402103533,広島,B1,西,23,0.0255705601357745,60,31,29,5160,5044,116,0,2,2,1,1,2,2,1,1,1,1,2,1,0,1,0,1,0,4,2,2,1,0,2,1,0,0,0,0,0,0,0,0,0,0,0,0,0,0,0,0,0,0.000661906374692746,0.000208399359490254,0.000870305734182999,0.000132383697235186,4.16799931920241e-05,0.00017406369042721
5100000055,721,8,Christopher Smith,クリストファー・スミス,5.70933863155769,4482,4435,0.11504945745311,0.0367244504837878,9.12727126892181,0.967314220566221,16.801730102347,9.92875391625237,広島,B1,西,23,0.0255705601357745,60,31,29,5160,5044,116,0,2,2,1,1,2,2,1,1,1,1,2,1,0,1,0,1,0,4,2,2,1,0,2,1,0,0,0,0,0,0,0,0,0,0,0,0,0,0,0,0,0,16.1275449960964,12.4191481616921,28.5466931577884,4.26581684124389,2.86383625914556,7.12965310038945
5100000039,721,10,Toshiki Kamisawa,上澤 俊喜,0.720355766180269,1662,1721,0.121684309827159,-0.0388275979275566,9.88074293621976,-9.05139867976049,17.5552017696449,-0.0899589840743435,広島,B1,西,23,0.0255705601357745,60,31,29,5160,5044,116,0,2,2,1,1,2,2,1,1,1,1,2,1,0,1,0,1,0,4,2,2,1,0,2,1,0,0,0,0,0,0,0,0,0,0,0,0,0,0,0,0,0,2.86374787033406,0.738030960567287,3.60177883090134,0.600710938327317,0.148017529015377,0.748728467342694
33097,721,13,Dwayne Evans II,ドウェイン・エバンス,5.10907912822671,4095,3913,0.0926691983224307,0.0844128201161752,6.58570889329016,7.29111475381302,14.2601677267153,16.2525544494992,広島,B1,西,23,0.0255705601357745,60,31,29,5160,5044,116,0,2,2,1,1,2,2,1,1,1,1,2,1,0,1,0,1,0,4,2,2,1,0,2,1,0,0,0,0,0,0,0,0,0,0,0,0,0,0,0,0,0,12.8460177141011,12.6993779270324,25.5453956411336,3.10626503974537,3.12674030721994,6.23300534696531
51000216,721,23,Kofi Cockburn,コフィ・コーバーン,5.78518604849838,4456,4039,0.117881765540758,0.0734587756262754,9.44891578741158,5.83853432549423,17.1233746208367,14.7999740211804,広島,B1,西,23,0.0255705601357745,60,31,29,5160,5044,116,0,2,2,1,1,2,2,1,1,1,1,2,1,0,1,0,1,0,4,2,2,1,0,2,1,0,0,0,0,0,0,0,0,0,0,0,0,0,0,0,0,0,16.1221435173812,12.8037867251107,28.9259302424919,4.28470798463792,3.11262108433843,7.39732906897635
26890,721,24,Nick Mayo,メイヨ ニック,5.38868904474673,4181,4004,0.107255799063594,0.0778649979416366,8.24220247612284,6.42282922259974,15.916661309548,15.3842689182859,広島,B1,西,23,0.0255705601357745,60,31,29,5160,5044,116,0,2,2,1,1,2,2,1,1,1,1,2,1,0,1,0,1,0,4,2,2,1,0,2,1,0,0,0,0,0,0,0,0,0,0,0,0,0,0,0,0,0,14.09052789438,12.8529173293536,26.9434452237336,3.5493600283471,3.14540198667142,6.69476201501852
8504,721,30,Ryo Yamazaki,山崎 稜,2.17342083606367,2620,2620,0.106312036267295,0.0337542983298018,8.1350262365364,0.573451945131146,15.8094850699616,9.53489164081729,広島,B1,西,23,0.0255705601357745,60,31,29,5160,5044,116,0,2,2,1,1,2,2,1,1,1,1,2,1,0,1,0,1,0,4,2,2,1,0,2,1,0,0,0,0,0,0,0,0,0,0,0,0,0,0,0,0,0,6.26364300463014,4.60346117568822,10.8671041803184,1.38169297705092,0.967602503816001,2.34929548086692
8483,721,32,Kevin Hareyama,晴山 ケビン,0.648455649541238,1698,1571,0.0908661319702083,-0.0306360731108954,6.38094783244552,-7.96514705482496,14.0554066658707,0.996292640861186,広島,B1,西,23,0.0255705601357745,60,31,29,5160,5044,116,0,2,2,1,1,2,2,1,1,1,1,2,1,0,1,0,1,0,4,2,2,1,0,2,1,0,0,0,0,0,0,0,0,0,0,0,0,0,0,0,0,0,2.50663063514854,0.735647612557654,3.24227824770619,0.518862017047238,0.147618871576639,0.666480888623877
30396,721,34,Keijiro Mitani,三谷 桂司朗,5.13406353124487,3839,3649,0.133862187822569,0.106385029494415,11.2636954904081,10.2047784092036,18.9381543238332,19.1662181048898,広島,B1,西,23,0.0255705601357745,60,31,29,5160,5044,116,0,2,2,1,1,2,2,1,1,1,1,2,1,0,1,0,1,0,4,2,2,1,0,2,1,0,0,0,0,0,0,0,0,0,0,0,0,0,0,0,0,0,13.4250155816328,12.2453020745916,25.6703176562243,3.47040334610557,3.07608943352909,6.54649277963467
51000447,721,88,Ryosei Sato,佐藤 涼成,0.936526005047741,1404,1357,0.15289814026415,0.135470503414303,13.4254694103317,14.0617090801865,21.0999282437569,23.0231487758727,広島,B1,西,23,0.0255705601357745,60,31,29,5160,5044,116,0,2,2,1,1,2,2,1,1,1,1,2,1,0,1,0,1,0,4,2,2,1,0,2,1,0,0,0,0,0,0,0,0,0,0,0,0,0,0,0,0,0,2.38752558538317,2.29510443985553,4.68263002523871,0.500155979979748,0.480538912158578,0.980694892138326
51000252,701,2,Koya Kobari,小針 幸也,0.0532590830356228,482,469,0.000662194730965243,0.0825432247648347,-3.86285371080062,7.04319375817191,3.81160512262454,16.0046334538581,琉球,B1,西,26,0.0853022879726953,60,42,18,4931,4502,429,2,0,2,2,1,1,2,2,2,2,2,3,0,3,2,1,1,0,1,2,2,2,2,4,1,0,0,0,0,0,0,0,0,0,0,0,0,0,0,0,1,0.13,0.071931327457188,0.194364087720926,0.266295415178114,0.0143910989358334,0.0389739502889994,0.0533650492248327
51000166,701,4,Vic Law,ヴィック・ロー,5.44666957904113,3934,3573,0.125195431231162,0.163611697250855,10.2794753192804,17.7934218219225,17.9539341527056,26.7548615176086,琉球,B1,西,26,0.0853022879726953,60,42,18,4931,4502,429,2,0,2,2,1,1,2,2,2,2,2,3,0,3,2,1,1,0,1,2,2,2,2,4,1,0,0,0,0,0,0,0,0,0,0,0,0,0,0,0,1,0.13,13.589015257626,13.6443326375796,27.2333478952056,3.48113399852921,3.82847519548438,7.30960919401359
5100000014,701,8,Ryo Sadohara,佐土原 遼,3.29115110832999,3128,2915,0.101587841998285,0.0949302195455869,7.59853403869444,8.6857930922168,15.2729928721196,17.647232787903,琉球,B1,西,26,0.0853022879726953,60,42,18,4931,4502,429,2,0,2,2,1,1,2,2,2,2,2,3,0,3,2,1,1,0,1,2,2,2,2,4,1,0,0,0,0,0,0,0,0,0,0,0,0,0,0,0,1,0.13,8.42271406933344,8.03304147231648,16.4557555416499,1.91738349781383,1.84233652270535,3.75972002051918
30458,701,10,Hayate Arakawa,荒川 颯,0.418529078460915,1388,1310,0.024558831543144,0.0330511785629808,-1.14908741027053,0.480213505850573,6.52537142315463,9.44165320153672,琉球,B1,西,26,0.0853022879726953,60,42,18,4931,4502,429,2,0,2,2,1,1,2,2,2,2,2,3,0,3,2,1,1,0,1,2,2,2,2,4,1,0,0,0,0,0,0,0,0,0,0,0,0,0,0,0,1,0.13,0.934991173213784,1.15765421909079,2.09264539230457,0.188293754599125,0.234316959635297,0.422610714234422
51000163,701,12,Keve Aluma,ケヴェ・アルマ,0.0358407310887873,431,372,0.0466063104535337,0.02699542485215,1.35468354917137,-0.322820417115733,9.02914238259653,8.63861927857042,琉球,B1,西,26,0.0853022879726953,60,42,18,4931,4502,429,2,0,2,2,1,1,2,2,2,2,2,3,0,3,2,1,1,0,1,2,2,2,2,4,1,0,0,0,0,0,0,0,0,0,0,0,0,0,0,0,1,0.13,0.102287947935526,0.0769157075084103,0.179203655443937,0.0204749885341192,0.0153930681090152,0.0358680566431343
8655,701,14,Ryuichi Kishimoto,岸本 隆一,5.3359258245874,3977,3544,0.120523693173574,0.147796955077178,9.74894018978786,15.6962799870894,17.423399023213,24.6577196827756,琉球,B1,西,26,0.0853022879726953,60,42,18,4931,4502,429,2,0,2,2,1,1,2,2,2,2,2,3,0,3,2,1,1,0,1,2,2,2,2,4,1,0,0,0,0,0,0,0,0,0,0,0,0,0,0,0,1,0.13,13.6193433939187,13.0602857290183,26.679629122937,3.46771778459809,3.52998066634596,6.99769845094405
30434,701,15,Yoshiyuki Matsuwaki,松脇 圭志,3.86980873026617,3269,2994,0.0998357488104162,0.158732620983166,7.39956162738833,17.1464232908086,15.0740204608135,26.1078629864948,琉球,B1,西,26,0.0853022879726953,60,42,18,4931,4502,429,2,0,2,2,1,1,2,2,2,2,2,3,0,3,2,1,1,0,1,2,2,2,2,4,1,0,0,0,0,0,0,0,0,0,0,0,0,0,0,0,1,0.13,9.02781580555024,10.3212278457806,19.3490436513308,2.07195567921255,2.6402175496609,4.71217322887345
51000486,701,17,Shuto Sakihama,崎濱 秀斗,0.435535478491189,1023,1002,0.143429919834472,0.0831751611279521,12.3502328517312,7.1269927964042,20.0246916851564,16.0884324920903,琉球,B1,西,26,0.0853022879726953,60,42,18,4931,4502,429,2,0,2,2,1,1,2,2,2,2,2,3,0,3,2,1,1,0,1,2,2,2,2,4,1,0,0,0,0,0,0,0,0,0,0,0,0,0,0,0,1,0.13,1.21742748944068,0.960249903015266,2.17767739245595,0.248896914281142,0.194778460792683,0.443675375073826
51000116,701,18,Masahiro Waki,脇 真大,1.92420862528061,2310,2103,0.0761175886934007,0.147061146472874,4.70606362003149,15.5987067867445,12.3805224534567,24.5601464824306,琉球,B1,西,26,0.0853022879726953,60,42,18,4931,4502,429,2,0,2,2,1,1,2,2,2,2,2,3,0,3,2,1,1,0,1,2,2,2,2,4,1,0,0,0,0,0,0,0,0,0,0,0,0,0,0,0,1,0.13,4.14235630709524,5.47868681930779,9.62104312640303,0.87261656366855,1.23502888957771,2.10764545324625
8756,701,34,Shota Onodera,小野寺 祥太,2.49018322775617,2390,2243,0.171179035921833,0.120062347936653,15.5014970525999,12.0184833927279,23.1759558860251,20.9799230884141,琉球,B1,西,26,0.0853022879726953,60,42,18,4931,4502,429,2,0,2,2,1,1,2,2,2,2,2,3,0,3,2,1,1,0,1,2,2,2,2,4,1,0,0,0,0,0,0,0,0,0,0,0,0,0,0,0,1,0.13,6.87697570363649,5.57394043514433,12.4509161387808,1.60154288627154,1.24085197139344,2.84239485766499
26914,701,45,Jack Cooley,ジャック・クーリー,5.99102750188153,4376,3915,0.102237928574694,0.146251686720874,7.67235961747163,15.4913669457979,15.3468184508968,24.452806641484,琉球,B1,西,26,0.0853022879726953,60,42,18,4931,4502,429,2,0,2,2,1,1,2,2,2,2,2,3,0,3,2,1,1,0,1,2,2,2,2,4,1,0,0,0,0,0,0,0,0,0,0,0,0,0,0,0,1,0.13,14.8788124475565,15.0763250618512,29.9551375094076,3.76992800941962,4.27245506184914,8.04238307126876
12582,701,53,Alex Kirk,アレックス・カーク,4.53199497998319,3695,3498,0.10735460033857,0.0990163819612151,8.25342261444543,9.22764588068649,15.9278814478706,18.1890855763726,琉球,B1,西,26,0.0853022879726953,60,42,18,4931,4502,429,2,0,2,2,1,1,2,2,2,2,2,3,0,3,2,1,1,0,1,2,2,2,2,4,1,0,0,0,0,0,0,0,0,0,0,0,0,0,0,0,1,0.13,11.513375436904,11.1465994630119,22.6599748999159,2.77476018580668,2.71714149695174,5.49190168275842
8467,694,3,Seiya Ando,安藤 誓哉,3.67800245117723,4475,4610,0.0322908840769346,-0.0146420836745731,-0.271014744018373,-5.84423581995087,7.40344408940679,3.11720387573527,横浜BC,B1,東,13,-0.0372433118107102,60,26,34,4763,4904,-141,0,1,1,4,0,0,3,4,0,1,1,1,0,1,0,1,2,1,1,0,1,0,1,0,0,2,0,0,0,0,0,0,0,0,0,0,0,0,0,0,0,0,10.1517229025771,8.23828935330904,18.3900122558861,2.2148391164675,1.73478900540058,3.94962812186809
51000412,694,4,Damien Inglis,ダミアン・イングリス,4.24939628128705,4083,4198,0.0854385069538819,0.00699830744781005,5.76457214841144,-2.97457351078997,13.4390309818366,5.98686618489618,横浜BC,B1,東,13,-0.0372433118107102,60,26,34,4763,4904,-141,0,1,1,4,0,0,3,4,0,1,1,1,0,1,0,1,2,1,1,0,1,0,1,0,0,2,0,0,0,0,0,0,0,0,0,0,0,0,0,0,0,0,12.3634093982055,8.88357200822974,21.2469814064353,2.94013339750365,1.91405298706994,4.85418638457358
8488,694,7,Hiroki Taniguchi,谷口 光貴,0.0701390867375429,561,550,0.0300520768072496,0.0381660181148723,-0.525259714538931,1.15847584392296,7.14919911888623,10.1199155396091,横浜BC,B1,東,13,-0.0372433118107102,60,26,34,4763,4904,-141,0,1,1,4,0,0,3,4,0,1,1,1,0,1,0,1,2,1,1,0,1,0,1,0,0,2,0,0,0,0,0,0,0,0,0,0,0,0,0,0,0,0,0.151593867148132,0.199101566539582,0.350695433687714,0.030352217819371,0.0398992718048421,0.0702514896242131
51000406,694,8,Gary Clark,ゲイリー・クラーク,2.98840594809565,3559,3701,0.0656050324397697,-0.0031176168072536,3.51222947852622,-4.31601352418498,11.1866883119514,4.64542617150117,横浜BC,B1,東,13,-0.0372433118107102,60,26,34,4763,4904,-141,0,1,1,4,0,0,3,4,0,1,1,1,0,1,0,1,2,1,1,0,1,0,1,0,0,2,0,0,0,0,0,0,0,0,0,0,0,0,0,0,0,0,8.67478417349342,6.26724556698483,14.9420297404782,1.9221139755323,1.31236623981307,3.23448021534537
51000468,694,10,Kanta Maeno,前野 幹太,0.0131897163272737,424,458,-0.0267887555005021,-0.0461601522262554,-6.98025739572916,-10.0237450011302,0.694201437696007,-1.06230530544408,横浜BC,B1,東,13,-0.0372433118107102,60,26,34,4763,4904,-141,0,1,1,4,0,0,3,4,0,1,1,1,0,1,0,1,2,1,1,0,1,0,1,0,0,2,0,0,0,0,0,0,0,0,0,0,0,0,0,0,0,0,0.0279139163242911,0.0380346653120773,0.0659485816363684,0.00558314811350195,0.00760772414276675,0.0131908722562687
51000319,694,11,Cameron Jackson,キャメロン・ジャクソン,1.07678922573298,2289,2206,0.105113765634878,-0.0615921103645882,7.99894740307023,-12.0701270824743,15.6734062364954,-3.10868738678818,横浜BC,B1,東,13,-0.0372433118107102,60,26,34,4763,4904,-141,0,1,1,4,0,0,3,4,0,1,1,1,0,1,0,1,2,1,1,0,1,0,1,0,0,2,0,0,0,0,0,0,0,0,0,0,0,0,0,0,0,0,4.84490456492205,0.539041563742826,5.38394612866488,1.04391972478726,0.107905520384096,1.15182524517136
5100000062,694,15,Kiefer Ravena,キーファー・ラベナ,3.5030019856603,3468,3447,0.0898534354312692,0.0381788908408576,6.26594329177996,1.1601828545018,13.9404021252051,10.121622550188,横浜BC,B1,東,13,-0.0372433118107102,60,26,34,4763,4904,-141,0,1,1,4,0,0,3,4,0,1,1,1,0,1,0,1,2,1,1,0,1,0,1,0,0,2,0,0,0,0,0,0,0,0,0,0,0,0,0,0,0,0,9.53484368602071,7.98016624228078,17.5150099283015,2.18508838332242,1.74819814826637,3.93328653158879
10851,694,18,Kenta Morii,森井 健太,1.58910386316821,2595,2670,0.0495137663003559,0.0067614194031064,1.68486204915863,-3.00598646860263,9.35932088258379,5.95545322708352,横浜BC,B1,東,13,-0.0372433118107102,60,26,34,4763,4904,-141,0,1,1,4,0,0,3,4,0,1,1,1,0,1,0,1,2,1,1,0,1,0,1,0,0,2,0,0,0,0,0,0,0,0,0,0,0,0,0,0,0,0,4.22869383529341,3.71682548054765,7.94551931584106,0.882311269904508,0.76632087995593,1.64863214986044
5100000024,694,23,Kai King,キング 開,1.28648935599039,2257,2279,0.0388551272113173,0.0339984343902056,0.474438348255056,0.605826038874918,8.14889718168022,9.56726573456107,横浜BC,B1,東,13,-0.0372433118107102,60,26,34,4763,4904,-141,0,1,1,4,0,0,3,4,0,1,1,1,0,1,0,1,2,1,1,0,1,0,1,0,0,2,0,0,0,0,0,0,0,0,0,0,0,0,0,0,0,0,2.91241161450709,3.52003516544488,6.43244677995197,0.597814016015185,0.731133297376542,1.32894731339173
51000227,694,24,Hiroki Matsuzaki,松崎 裕樹,0.131970075760881,1311,1358,0.00267193916554229,-0.0747530710480321,-3.63462173145977,-13.8153595328511,4.0398371019654,-4.8539198371649,横浜BC,B1,東,13,-0.0372433118107102,60,26,34,4763,4904,-141,0,1,1,4,0,0,3,4,0,1,1,1,0,1,0,1,2,1,1,0,1,0,1,0,0,2,0,0,0,0,0,0,0,0,0,0,0,0,0,0,0,0,0.607131020292783,0.0527193585116227,0.659850378804405,0.121821157223189,0.0105441112870665,0.132365268510255
32956,694,30,Koya Sudo,須藤 昂矢,2.26821481248616,2826,2918,0.0852943955276027,0.0173069693836264,5.7482064675321,-1.60757517661956,13.4226653009573,7.35386451906659,横浜BC,B1,東,13,-0.0372433118107102,60,26,34,4763,4904,-141,0,1,1,4,0,0,3,4,0,1,1,1,0,1,0,1,2,1,1,0,1,0,1,0,0,2,0,0,0,0,0,0,0,0,0,0,0,0,0,0,0,0,6.42521068058109,4.91586338184969,11.3410740624308,1.40242712257906,1.02886912635072,2.43129624892978
5100000025,694,51,Tatsumi Yu,兪 龍海,0.0297596826138826,544,581,-0.0506735728878603,-0.00573982890702203,-9.69268145061096,-4.6637365938271,-2.0182226171858,4.29770310185905,横浜BC,B1,東,13,-0.0372433118107102,60,26,34,4763,4904,-141,0,1,1,4,0,0,3,4,0,1,1,1,0,1,0,1,2,1,1,0,1,0,1,0,0,2,0,0,0,0,0,0,0,0,0,0,0,0,0,0,0,0,0.0083372091347235,0.140461203934689,0.148798413069413,0.00166744773163857,0.028117034777024,0.0297844825086625
9310,1638,5,Yasuhiro Yamashita,山下 泰弘,-3.8561863621289e-05,64,69,0.0451847989000074,-0.0874759209919141,1.19325287672596,-15.502495534349,8.86771171015113,-6.54105583866281,佐賀,B1,西,24,0.0125217426662215,60,32,28,4938,4903,35,1,1,2,1,0,1,1,2,1,2,1,2,2,2,1,0,2,2,3,1,1,3,0,0,0,0,0,0,0,0,0,0,0,0,0,0,0,0,0,0,0,0,-0.000191492767595222,-1.31655051122248e-06,-0.000192809318106445,-3.82985586883977e-05,-2.63310102279789e-07,-3.85618687906775e-05
51000112,704,9,Hikaru Futagami,二上 耀,0.00177038444345586,216,229,-0.0766279220874188,-0.0236944642930563,-12.6401271001199,-7.04464274985018,-4.96566826669477,1.91679694583597,千葉J,B1,東,9,0.0916770686840847,60,42,18,5060,4610,450,1,2,2,1,2,2,2,3,0,2,4,2,2,2,0,1,2,1,1,2,2,2,3,1,0,0,0,0,0,0,0,0,0,0,0,0,0,0,0,0,1,0.393,-0.00426704093871783,0.0131189631559971,0.00885192221727931,-0.000853413208948496,0.00262392246779758,0.00177050925884908
10820,692,14,Yusei Sugiura,杉浦 佑成,1.36597373568914,2281,2224,0.0376764051839096,0.0539204170734542,0.340579506912116,3.24761576007562,8.01503834033728,12.2090554557618,仙台,B1,東,2,0.0273725750229669,60,35,25,4967,4790,177,0,0,4,2,1,0,2,3,0,1,3,2,1,1,3,0,1,1,1,2,2,2,0,1,0,2,0,0,0,0,0,0,0,0,0,0,0,0,0,0,0,0,2.93882404037122,3.89104463807448,6.8298686784457,0.603185340417501,0.817490639936937,1.42067598035444
51000554,727,55,Taiga Okada,岡田 大河,0.13706263865523,2011,2075,-0.0405096751219133,-0.0680055029206174,-8.5384419040149,-12.920586336552,-0.863983070589731,-3.95914664086581,川崎,B1,東,12,-0.0975650501949427,60,16,44,4554,5042,-488,1,0,1,1,0,1,1,0,0,0,1,0,3,1,0,0,2,0,1,1,0,1,0,0,0,1,0,0,0,0,0,0,0,0,0,0,0,0,0,0,0,0,0.380082850656463,0.305230342619688,0.68531319327615,0.0760575497739808,0.0610659952485064,0.137123545022487
51000416,697,2,David Nwaba,デイビッド・ヌワバ,6.69917496848927,5015,4836,0.124295944568717,0.0316795342553293,10.1773271964501,0.298324188370938,17.8517860298753,9.25976388405708,三遠,B1,西,15,0.0398193519839052,60,36,24,5152,4986,166,2,1,2,1,1,0,0,2,2,2,1,2,2,2,0,0,2,2,3,1,1,1,1,1,2,2,0,0,0,0,0,0,0,0,0,0,0,0,0,0,0,0,19.521900930391,13.9739739120553,33.4958748424464,5.6074194601357,3.25956202666789,8.86698148680359
30459,701,47,Shogo Taira,平良 彰吾,0.0304909934258219,354,369,0.076205848915337,0.0151634027463271,4.71608668804104,-1.891826618816,12.3905455214662,7.06961307687014,琉球,B1,西,26,0.0853022879726953,60,42,18,4931,4502,429,2,0,2,2,1,1,2,2,2,2,2,3,0,3,2,1,1,0,1,2,2,2,2,4,1,0,0,0,0,0,0,0,0,0,0,0,0,0,0,0,1,0.13,0.0853004613027057,0.0671545058264036,0.152454967129109,0.0170750502265662,0.013437613894075,0.0305126641206412
8594,2486,8,Tomoya Hasegawa,長谷川 智也,0.0100802310751702,245,233,0.0278123453204157,0.0317570134222562,-0.779609641642835,0.308598450227747,6.89484919178233,9.27003814591389,A千葉,B1,東,8,-0.0657642407339285,60,19,41,4736,5053,-317,0,1,4,0,0,0,2,0,1,0,1,2,0,1,0,0,1,0,0,2,1,1,1,0,1,0,0,0,0,0,0,0,0,0,0,0,0,0,0,0,0,0,0.0231187664833523,0.0272823888924987,0.050401155375851,0.00462437416364857,0.00545760609140662,0.0100819802550552
55000970,698,15,Yuma Kajiwara,梶原 悠真,3.34011468752445e-05,2,4,0.0538180136516546,-0.236748274755353,2.17366394638407,-35.2970198094491,9.84812277980924,-26.3355801137629,滋賀,B1,西,19,-0.0444380745374146,60,23,37,4819,5097,-278,0,1,1,0,2,0,2,2,1,0,1,1,1,2,1,0,1,1,0,2,1,1,0,1,0,1,0,0,0,0,0,0,0,0,0,0,0,0,0,0,0,0,-9.35054596478763e-05,0.000260511194024099,0.000167005734376223,-1.87017082511573e-05,5.2105571075034e-05,3.34038628238767e-05
51000311,698,18,Keitaro Ohba,大庭 圭太郎,0.0121001230804444,545,540,-0.102576823034167,0.00552495176998083,-15.5869540313971,-3.1699504442633,-7.91249519797198,5.79148925142285,滋賀,B1,西,19,-0.0444380745374146,60,23,37,4819,5097,-278,0,1,1,0,2,0,2,2,1,0,1,1,1,2,1,0,1,1,0,2,1,1,0,1,0,1,0,0,0,0,0,0,0,0,0,0,0,0,0,0,0,0,-0.0779401774919006,0.138440792894123,0.060500615402222,-0.0155928446225035,0.0277156452052257,0.0121228005827223
33032,703,32,Justin Harper,ジャスティン・ハーパー,0.000685924517001358,127,106,-0.10166563934289,0.141695012878035,-15.483477562536,14.887121158003,-7.80901872911088,23.8485608536891,宇都宮,B1,東,5,0.0739954279488025,60,45,15,5130,4801,329,2,1,2,2,0,2,2,2,2,2,2,2,2,2,1,2,2,2,2,2,2,2,1,2,1,1,0,0,0,0,0,0,0,0,0,0,0,0,0,0,1,1,-0.00218289690631406,0.00561251949132085,0.00342962258500679,-0.000436581325844121,0.00112255134711457,0.000685970021270451
51000553,694,77,Isa Ehara,江原 行佐,-5.71855594017213e-05,3,2,-0.0881666218967624,0.30356646989318,-13.9504928616555,36.3523717857914,-6.27603402823034,45.3138114814776,横浜BC,B1,東,13,-0.0372433118107102,60,26,34,4763,4904,-141,0,1,1,4,0,0,3,4,0,1,1,1,0,1,0,1,2,1,1,0,1,0,1,0,0,2,0,0,0,0,0,0,0,0,0,0,0,0,0,0,0,0,4.09477165642055e-05,-0.000326875513572812,-0.000285927797008606,8.18956631555539e-06,-6.54014500601104e-05,-5.7211883744555e-05
5100000015,2488,99,Koya Kawamata,川真田 紘也,0.0409999901605966,818,848,-0.0476022493740758,-0.0385283724546039,-9.34389369795591,-9.0117193571079,-1.66943486453074,-0.0502796614217526,長崎,B1,西,25,0.128515503599294,60,47,13,5472,4782,690,1,2,2,2,1,2,2,1,2,0,4,2,2,2,2,1,4,1,2,3,2,1,3,2,0,1,0,0,0,0,0,0,0,0,0,0,0,0,0,0,1,1,0.0318239380025325,0.173176012800451,0.204999950802983,0.00636493284630284,0.0346570047735333,0.0410219376198361
51000518,704,44,Daniel Kato,加藤 ダニエル,0.000234328734626284,41,56,-0.129737197989787,-0.219451314646025,-18.671359207056,-33.0033258457823,-10.9969003736308,-24.0418861500961,千葉J,B1,東,9,0.0916770686840847,60,42,18,5060,4610,450,1,2,2,1,2,2,2,3,0,2,4,2,2,2,0,1,2,1,1,2,2,2,3,1,0,0,0,0,0,0,0,0,0,0,0,0,0,0,0,0,1,0.393,0.000537297356279183,0.000634346316852238,0.00117164367313142,0.00010745974948889,0.000126869508804621,0.000234329258293511
9340,699,11,Chehales Tapscott,チェハーレス・タプスコット,0.0291208445454879,1174,1186,-0.0945126973771578,-0.0242113126527071,-14.671170248799,-7.1131803399914,-6.9967114153738,1.84825935569475,京都,B1,西,20,-0.0716791431393028,60,20,40,4479,4874,-395,0,0,1,2,0,2,1,0,0,0,2,1,2,1,1,0,1,1,0,0,3,0,0,1,1,0,0,0,0,0,0,0,0,0,0,0,0,0,0,0,0,0,-0.322274111410833,0.467878334138273,0.14560422272744,-0.0645282013454261,0.0937961751841421,0.0292679738387159
8486,727,10,Kengo Nomoto,野本 建吾,0.0306216375376104,708,738,-0.0593182150276881,-0.0277269414470946,-10.6743902451829,-7.57937650933049,-2.99993141175772,1.38206318635566,川崎,B1,東,12,-0.0975650501949427,60,16,44,4554,5042,-488,1,0,1,1,0,1,1,0,0,0,1,0,3,1,0,0,2,0,1,1,0,1,0,0,0,1,0,0,0,0,0,0,0,0,0,0,0,0,0,0,0,0,-0.0104776790397991,0.163585866727851,0.153108187688052,-0.00209554272725329,0.0327414418283244,0.0306458991010711
55000966,702,19,Kotaro Ando,安藤 煌太朗,-1.07210685353343e-05,1,1,-0.161742840545433,0.150332471381547,-22.3060059934212,16.0325066075678,-14.631547159996,24.993946303254,北海道,B1,東,1,0.0199239473702146,60,37,23,5298,5204,94,0,2,2,2,2,2,1,2,1,1,3,1,2,3,0,0,1,1,2,2,1,2,2,1,1,0,0,0,0,0,0,0,0,0,0,0,0,0,0,0,0,0,4.59439420095042e-05,-9.95492846861759e-05,-5.36053426766717e-05,9.18908084429139e-06,-1.99128324595422e-05,-1.07237516152508e-05
55000589,702,40,Yuma Nishimura,西村 優真,0.000344040532226809,15,16,-0.201842588777278,-0.258709755855073,-26.8598411739376,-38.2092608225069,-19.1853823405125,-29.2478211268207,北海道,B1,東,1,0.0199239473702146,60,37,23,5298,5204,94,0,2,2,2,2,2,1,2,1,1,3,1,2,3,0,0,1,1,2,2,1,2,2,1,1,0,0,0,0,0,0,0,0,0,0,0,0,0,0,0,0,0,0.000753155810652888,0.000967046850481159,0.00172020266113405,0.000150636887881324,0.000193420023210131,0.000344056911091455
30438,706,3,Kai Toews,テーブス 海,0.81543058618755,1599,1679,0.114160696551054,0.00970004017922401,9.02634119226772,-2.6163054672542,16.7008000256929,6.34513422843195,A東京,B1,東,10,0.0447617528002196,60,41,19,4891,4654,237,3,1,4,2,2,0,2,2,2,0,1,2,1,2,0,2,2,0,2,2,2,2,1,2,2,0,0,0,0,0,0,0,0,0,0,0,0,0,0,0,1,0,2.55294178961599,1.52421114132176,4.07715293093775,0.531714635099761,0.308718120016062,0.840432755115823
8649,706,22,Ryan Rossiter,ライアン・ロシター,4.0883827417738,3249,3170,0.124675656313711,0.131174955046702,10.2204482827177,13.4920902975144,17.8949071161428,22.4535299932006,A東京,B1,東,10,0.0447617528002196,60,41,19,4891,4654,237,3,1,4,2,2,0,2,2,2,0,1,2,1,2,0,2,2,0,2,2,2,2,1,2,2,0,0,0,0,0,0,0,0,0,0,0,0,0,0,0,1,0,9.92114899194684,10.5207647169221,20.441913708869,2.36830182527237,2.62462942461254,4.99293124988491
51000173,694,25,Kaleb Tarczewski,ケーレブ・ターズースキー,1.60183955513127,2898,2840,0.0230571858999115,0.002468552052362,-1.31961832530981,-3.57524973029649,6.35484050811536,5.38618996538966,横浜BC,B1,東,13,-0.0372433118107102,60,26,34,4763,4904,-141,0,1,1,4,0,0,3,4,0,1,1,1,0,1,0,1,2,1,1,0,1,0,1,0,0,2,0,0,0,0,0,0,0,0,0,0,0,0,0,0,0,0,4.01015078575527,3.99904698990109,8.00919777565636,0.826486181500303,0.825114723150323,1.65160090465063
5100000079,1638,60,Chase Fieler,チェイス・フィーラー,0.4435167218012,1418,1451,0.0134065547967927,0.0290934512519139,-2.41556993022955,-0.0446079185994784,5.25888890319561,8.91683177708667,佐賀,B1,西,24,0.0125217426662215,60,32,28,4938,4903,35,1,1,2,1,0,1,1,2,1,2,1,2,2,2,1,0,2,2,3,1,1,3,0,0,0,0,0,0,0,0,0,0,0,0,0,0,0,0,0,0,0,0,0.842536080178381,1.37504752882762,2.217583609006,0.169412929717615,0.278827802857065,0.44824073257468
19956,728,32,Avi Koki Schafer,シェーファー アヴィ幸樹,1.11735580873244,1885,1827,0.0588431078937542,0.0809402325198868,2.74432715386302,6.8306261386132,10.4187859872882,15.7920658342994,三河,B1,西,16,0.0733658388874208,60,43,17,5030,4670,360,2,2,2,2,0,1,1,2,1,0,1,2,1,2,4,0,2,1,2,2,2,1,2,4,1,3,0,0,0,0,0,0,0,0,0,0,0,0,0,0,1,0.87,2.44494641160351,3.1418326320587,5.58677904366221,0.501999979121693,0.658910798894044,1.16091077801574
51000490,706,0,Brandon Davies,ブランドン・デイヴィス,0.570635134189813,1284,1361,0.0534734649235196,0.0823605999666748,2.13453606681455,7.0189764740649,9.80899490023972,15.980416169751,A東京,B1,東,10,0.0447617528002196,60,41,19,4891,4654,237,3,1,4,2,2,0,2,2,2,0,1,2,1,2,0,2,2,0,2,2,2,2,1,2,2,0,0,0,0,0,0,0,0,0,0,0,0,0,0,0,1,0,1.07938025043381,1.77379542051526,2.85317567094906,0.218221817657668,0.36429400992957,0.582515827587237
51000307,721,1,Masato Ichikawa,市川 真人,0.00387600371489041,210,250,0.00794190412808347,-0.0544124432028491,-3.03615034685765,-11.1180546300937,4.63830848656752,-2.15661493440757,広島,B1,西,23,0.0255705601357745,60,31,29,5160,5044,116,0,2,2,1,1,2,2,1,1,1,1,2,1,0,1,0,1,0,4,2,2,1,0,2,1,0,0,0,0,0,0,0,0,0,0,0,0,0,0,0,0,0,0.0121057219361456,0.00727429663830648,0.0193800185744521,0.00242126569916696,0.00145487789858274,0.00387614359774971
30443,701,27,Kenta Whitaker,ウィタカ ケンタ,9.87533618772489e-05,24,31,-0.0883149955859644,-0.115577583652836,-13.9673425765675,-19.2289661746782,-6.29288374314237,-10.2675264789921,琉球,B1,西,26,0.0853022879726953,60,42,18,4931,4502,429,2,0,2,2,1,1,2,2,2,2,2,3,0,3,2,1,1,0,1,2,2,2,2,4,1,0,0,0,0,0,0,0,0,0,0,0,0,0,0,0,1,0.13,0.000223780238567786,0.000269986570818458,0.000493766809386245,4.4756106377859e-05,5.39973759132956e-05,9.87534822911546e-05
15818,696,25,Daichi Kuzuhara,葛原 大智,0.603652920149167,1274,1253,0.0956338574048702,0.0888439552907257,6.92238354645242,7.87871326463903,14.5968423798776,16.8401529603252,富山,B1,西,14,-0.0788465115089564,60,18,42,4908,5314,-406,1,1,2,1,0,1,0,1,0,0,0,1,1,0,0,0,1,0,2,1,1,1,2,0,0,1,0,0,0,0,0,0,0,0,0,0,0,0,0,0,0,0,1.45785767378309,1.56040692696275,3.01826460074584,0.29754453704345,0.319706579025894,0.617251116069343
10842,745,10,Kazuya Mitsui,三ツ井 利也,0.00377309951017123,193,219,-0.0304800648025941,-0.008419707566675,-7.39945240076623,-5.01910663955499,0.275006432658934,3.94233305613116,越谷,B1,東,7,-0.087462486071331,60,21,39,4543,4926,-383,1,2,0,4,0,0,0,0,0,0,1,3,1,2,2,1,1,0,0,1,1,0,0,1,0,0,0,0,0,0,0,0,0,0,0,0,0,0,0,0,0,0,0.00387941237372669,0.0149860851771295,0.0188654975508562,0.000775887201013763,0.00299742865832344,0.00377331585933721
10834,701,7,Andrew Randall,アンドリュー・ランダル,1.79653810308748,3135,3007,0.000378451631974545,0.0253057732817476,-3.89507633970447,-0.54687964967661,3.77938249372069,8.41456004600954,琉球,B1,西,26,0.0853022879726953,60,42,18,4931,4502,429,2,0,2,2,1,1,2,2,2,2,2,3,0,3,2,1,1,0,1,2,2,2,2,4,1,0,0,0,0,0,0,0,0,0,0,0,0,0,0,0,1,0.13,3.38986106774557,5.59282944769185,8.98269051543742,0.690323056633625,1.18318189570463,1.87350495233825
51000520,697,22,Jordan Dallas,ジョーダン・ダラス,0.0100661566694206,269,249,-0.0211019373588516,0.0539805510699947,-6.33444704378084,3.25558993495978,1.34001178964433,12.2170296306459,三遠,B1,西,15,0.0398193519839052,60,36,24,5152,4986,166,2,1,2,1,1,0,0,2,2,2,1,2,2,2,0,0,2,2,3,1,1,1,1,1,2,2,0,0,0,0,0,0,0,0,0,0,0,0,0,0,0,0,0.0119494426506378,0.0383813406964649,0.0503307833471028,0.00238995963384449,0.00767901968106714,0.0100689793149116
51000438,720,0,Olufemi Olujobi,オルフェミ・オルジョビ,0.0755069010450318,960,966,-0.0713588327595197,0.00427689631375559,-12.0417551549411,-3.3354510436849,-4.36729632151594,5.62598865200125,島根,B1,西,22,-0.0257083858655258,60,28,32,4770,4868,-98,0,0,2,1,0,0,2,3,0,0,0,1,2,1,1,1,2,1,1,4,1,0,3,1,1,0,0,0,0,0,0,0,0,0,0,0,0,0,0,0,0,0,-0.0858090356202726,0.463343540845432,0.377534505225159,-0.0171638747997354,0.0929921877026887,0.0758283129029532
51000135,693,36,AlexanderGaku Aihara,相原 アレクサンダー学,0.00137241154649536,145,143,-0.101980861253904,0.0694506203654072,-15.5192750099352,5.30702581364106,-7.84481617651001,14.2684655093272,秋田,B1,東,3,-0.154130698701409,60,10,50,4396,5132,-736,0,0,0,0,0,0,2,0,0,0,0,1,1,0,0,2,1,0,1,1,1,0,0,0,0,0,0,0,0,0,0,0,0,0,0,0,0,0,0,0,0,0,-0.00328318642957851,0.0101452441620553,0.00686205773247679,-0.000656642361512339,0.00202920282716379,0.00137256046565145
30515,703,1,Jamel Mclean,ジャメール・マクリーン,0.286981616744085,1598,1589,-0.018206437014407,-0.0243551904777126,-6.00562624277496,-7.13225951324697,1.6688325906502,1.82918018243918,宇都宮,B1,東,5,0.0739954279488025,60,45,15,5130,4801,329,2,1,2,2,0,2,2,2,2,2,2,2,2,2,1,2,2,2,2,2,2,2,1,2,1,1,0,0,0,0,0,0,0,0,0,0,0,0,0,0,1,1,0.585926762534249,0.848981321186176,1.43490808372042,0.117423758657876,0.170532822176532,0.287956580834408
8537,698,13,Leo Sakai,坂井 レオ,-2.35746650948276e-05,55,63,-0.054459654024229,-0.0302055005722836,-10.1226389998555,-7.90805022240515,-2.44818016643029,1.053389473281,滋賀,B1,西,19,-0.0444380745374146,60,23,37,4819,5097,-278,0,1,1,0,2,0,2,2,1,0,1,1,1,2,1,0,1,1,0,2,1,1,0,1,0,1,0,0,0,0,0,0,0,0,0,0,0,0,0,0,0,0,-5.98348059405811e-06,-0.00011188984488008,-0.000117873325474138,-1.19669611904793e-06,-2.23779700402106e-05,-2.35746661592585e-05
10831,713,30,Terrance Woodbury,テレンス・ウッドベリー,1.04102851873339,1615,1665,0.101587684868813,0.0915726715087878,7.59851619464932,8.24055950110883,15.2729750280745,17.201999196795,群馬,B1,東,6,0.126812213653886,60,42,18,4990,4381,609,2,2,2,3,2,0,2,2,0,2,2,3,2,1,2,1,2,2,2,2,2,2,0,1,0,1,0,0,0,0,0,0,0,0,0,0,0,0,0,0,1,0.607,2.42500682397682,2.78013576969011,5.20514259366693,0.502593226128118,0.581375637053129,1.08396886318125
8516,729,12,Taito Nakahigashi,中東 泰斗,1.63759544000848,2286,2110,0.0374338233007077,0.133073425053504,0.313031256297325,13.7438402678723,7.98749008972249,22.7052799635584,名古屋D,B1,西,18,0.0931491069877643,60,41,19,4973,4502,471,1,1,2,4,0,0,2,2,1,2,2,2,1,4,0,3,2,0,1,3,2,1,2,0,1,2,0,0,0,0,0,0,0,0,0,0,0,0,0,0,1,0,2.94430762815339,5.24366957188904,8.18797720004242,0.604300288443006,1.16734142579898,1.77164171424199
5100000090,717,1,Mark Burton,マーク・バートン,6.0457256405741e-06,53,60,-0.0763682940318422,-0.0555067805520486,-12.6106430403573,-11.263171168272,-4.93618420693214,-2.30173147258587,FE名古屋,B1,西,17,-0.0459857809266457,60,18,42,4800,5071,-271,1,1,1,1,0,0,1,1,0,0,0,0,2,1,0,0,0,2,1,1,1,2,1,0,0,1,0,0,0,0,0,0,0,0,0,0,0,0,0,0,0,0,0.000109658522090604,-7.94298938877337e-05,3.02286282028705e-05,2.19317058335601e-05,-1.58859791973143e-05,6.04572663624574e-06
9398,706,4,Jeffrey Parmer,ジェフリー・パーマー,0.00332449714537821,382,428,-0.109015772704213,-0.0210854993382172,-16.3181784611242,-6.69867634127268,-8.64371962769907,2.26276335441347,A東京,B1,東,10,0.0447617528002196,60,41,19,4891,4654,237,3,1,4,2,2,0,2,2,2,0,1,2,1,2,0,2,2,0,2,2,2,2,1,2,2,0,0,0,0,0,0,0,0,0,0,0,0,0,0,0,1,0,-0.040879632971864,0.057502118698755,0.0166224857268911,-0.0081773386813629,0.0115035549346648,0.00332621625330191
32988,704,21,Kenny Lawson Jr.,ケニー・ローソン・ジュニア,0.0553742086467469,595,580,0.00527331109406752,0.00199080330307412,-3.33920294385954,-3.63860244750603,4.33525588956562,5.32283724818012,千葉J,B1,東,9,0.0916770686840847,60,42,18,5060,4610,450,1,2,2,1,2,2,2,3,0,2,4,2,2,2,0,1,2,1,1,2,2,2,3,1,0,0,0,0,0,0,0,0,0,0,0,0,0,0,0,0,1,0.393,0.122279096778506,0.154591946455228,0.276871043233734,0.0244714097882236,0.0309515699512996,0.0554229797395232
8839,720,24,Hiryu Okamoto,岡本 飛竜,0.0192440082668264,392,455,-0.000155546337272289,-0.0340626901794505,-3.95571858425476,-8.41953966695244,3.7187402491704,0.541900028733705,島根,B1,西,22,-0.0257083858655258,60,28,32,4770,4868,-98,0,0,2,1,0,0,2,3,0,0,0,1,2,1,1,1,2,1,1,4,1,0,3,1,1,0,0,0,0,0,0,0,0,0,0,0,0,0,0,0,0,0,0.0451058936562297,0.0511141476779024,0.0962200413341321,0.00902298015684856,0.0102247752618933,0.0192477554187419
8517,717,21,Takaya Sasayama,笹山 貴哉,0.737892609680829,1931,1974,0.0211944543944282,0.00233738799294392,-1.53115512131367,-3.59264297219771,6.1433037121115,5.36879672348844,FE名古屋,B1,西,17,-0.0459857809266457,60,18,42,4800,5071,-271,1,1,1,1,0,0,1,1,0,0,0,0,2,1,0,0,0,2,1,1,1,2,1,0,0,1,0,0,0,0,0,0,0,0,0,0,0,0,0,0,0,0,1.74878767090064,1.9406753775035,3.68946304840415,0.354182763321935,0.393946257637317,0.748129020959252
30521,699,24,Faraz Rashid,ラシード ファラーズ,0.0143474761405467,341,328,0.0436274291416519,-0.0562341452485315,1.01639378141026,-11.3596246492977,8.69085261483543,-2.39818495361157,京都,B1,西,20,-0.0716791431393028,60,20,40,4479,4874,-395,0,0,1,2,0,2,1,0,0,0,2,1,2,1,1,0,1,1,0,0,3,0,0,1,1,0,0,0,0,0,0,0,0,0,0,0,0,0,0,0,0,0,0.0590821485100531,0.0126552321926805,0.0717373807027336,0.0118217821116256,0.00253110324670484,0.0143528853583304
55000971,692,77,Rowa Tanno,丹野 路和,-4.27451803195015e-05,4,11,-0.0191593319971477,-0.0417335340428952,-6.11383955799713,-9.43674547390375,1.56061927542803,-0.475305778217598,仙台,B1,東,2,0.0273725750229669,60,35,25,4967,4790,177,0,0,4,2,1,0,2,3,0,1,3,2,1,1,3,0,1,1,1,2,2,2,0,1,0,2,0,0,0,0,0,0,0,0,0,0,0,0,0,0,0,0,-6.05311974864201e-05,-0.000153194704111087,-0.000213725901597508,-1.21062812948447e-05,-3.06390304161443e-05,-4.27453117109889e-05
5100000035,721,21,Ryu Watanabe,渡部 琉,0.0235378451086892,442,404,0.0163223868138302,-0.0315611711222265,-2.08444020984101,-8.08782131151393,5.59001862358415,0.873618384172221,広島,B1,西,23,0.0255705601357745,60,31,29,5160,5044,116,0,2,2,1,1,2,2,1,1,1,1,2,1,0,1,0,1,0,4,2,2,1,0,2,1,0,0,0,0,0,0,0,0,0,0,0,0,0,0,0,0,0,0.0761226275005787,0.0415665980428672,0.117689225543446,0.015231339180237,0.00831464678167959,0.0235459859619166
51000561,701,21,Damyean Dotson,デイミアン・ドットソン,2.03068480691731,2351,2264,0.131589346817586,0.0671234365836005,11.0055855574386,4.99842549549646,18.6800443908638,13.9598651911826,琉球,B1,西,26,0.0853022879726953,60,42,18,4931,4502,429,2,0,2,2,1,1,2,2,2,2,2,3,0,3,2,1,1,0,1,2,2,2,2,4,1,0,0,0,0,0,0,0,0,0,0,0,0,0,0,0,1,0.13,5.77425751144764,4.37916652313891,10.1534240345865,1.28176168473421,0.931047720112609,2.21280940484682
51000560,706,44,FRANK KAMINSKY,フランク・カミンスキー,0.00239550152925549,147,126,-0.0104668438644569,0.107077182802079,-5.12669724388571,10.296562621787,2.54776158953945,19.2580023174732,A東京,B1,東,10,0.0447617528002196,60,41,19,4891,4654,237,3,1,4,2,2,0,2,2,2,0,1,2,1,2,0,2,2,0,2,2,2,2,1,2,2,0,0,0,0,0,0,0,0,0,0,0,0,0,0,0,1,0,0.00333912366571485,0.00863838398056258,0.0119775076462774,0.000667829928307829,0.00172779924164135,0.00239562916994918
51000228,703,7,Atsuya Ogawa,小川 敦也,1.17878748010648,1866,1959,0.158004574734042,-0.00720847087156612,14.0053698326872,-4.85848845701986,21.6798286661124,4.10295123866629,宇都宮,B1,東,5,0.0739954279488025,60,45,15,5130,4801,329,2,1,2,2,0,2,2,2,2,2,2,2,2,2,1,2,2,2,2,2,2,2,1,2,1,1,0,0,0,0,0,0,0,0,0,0,0,0,0,0,1,1,4.20015441469993,1.69378298583247,5.8939374005324,0.914973911188709,0.342655107648633,1.25762901883734
20037,697,24,Ryusei Sasaki,佐々木 隆成,0.918342196449761,1585,1540,0.167576734610347,0.0173213958273078,15.0924100341922,-1.60566213255978,22.7668688676173,7.35577756312636,三遠,B1,西,15,0.0398193519839052,60,36,24,5152,4986,166,2,1,2,1,1,0,0,2,2,2,1,2,2,2,0,0,2,2,3,1,1,1,1,1,2,2,0,0,0,0,0,0,0,0,0,0,0,0,0,0,0,0,3.20486407631792,1.38684690593088,4.5917109822488,0.685630414570678,0.280838505011503,0.966468919582181
51000137,720,20,Shunsuke Ueda,上田 隼輔,0.0168740191544315,480,532,-0.0338344055729688,-0.0435451042270463,-7.78038035371139,-9.67697193970368,-0.105921520286223,-0.715532244017528,島根,B1,西,22,-0.0257083858655258,60,28,32,4770,4868,-98,0,0,2,1,0,0,2,3,0,0,0,1,2,1,1,1,2,1,1,4,1,0,3,1,1,0,0,0,0,0,0,0,0,0,0,0,0,0,0,0,0,0,0.0276678910513121,0.0567022047208456,0.0843700957721577,0.00553385542463112,0.0113423838094339,0.0168762392340651
51000188,700,7,Kaisei Takahashi,高橋 快成,0.0256599879961857,396,393,-0.0365303392783747,0.0583114471908056,-8.08653783083658,3.82989606891535,-0.412078997411418,12.7913357646015,大阪,B1,西,21,-0.028720769058835,60,23,37,4868,4988,-120,1,0,1,0,0,0,3,1,0,0,1,2,1,3,1,0,3,0,1,1,0,1,2,1,0,0,0,0,0,0,0,0,0,0,0,0,0,0,0,0,0,0,0.0159263715597026,0.112373568421226,0.128299939980929,0.00318535199204898,0.0225024798736435,0.0256878318656924
12633,700,34,Joshua Smith,ジョシュア・スミス,0.00375042419284559,157,161,-0.0499005028881725,0.111975214228371,-9.60488954375844,10.9460747352062,-1.93043071033327,19.9075144308923,大阪,B1,西,21,-0.028720769058835,60,23,37,4868,4988,-120,1,0,1,0,0,0,3,1,0,0,1,2,1,3,1,0,3,0,1,1,0,1,2,1,0,0,0,0,0,0,0,0,0,0,0,0,0,0,0,0,0,0,0.000516021617404769,0.0182360993468232,0.018752120964228,0.000103204340289545,0.00364792558181119,0.00375112992210073
8557,712,92,Keisuke Murakoshi,村越 圭佑,-0.00147885700190501,143,138,-0.144084527043799,-0.10182858170537,-20.3006804540338,-17.4057554732592,-12.6262216206086,-8.44431577757303,茨城,B1,東,4,-0.0645471657974467,60,19,41,4572,4883,-311,0,0,4,0,0,1,0,2,1,0,0,1,0,1,1,0,1,0,2,0,2,1,1,1,0,0,0,0,0,0,0,0,0,0,0,0,0,0,0,0,0,0,-0.0060218475772857,-0.00137243743223934,-0.00739428500952504,-0.00120440171641049,-0.000274487895756682,-0.00147888961216717
51000501,717,15,Mylo Murphy,マイロ・マーフィー,0.000214982813174992,87,98,-0.0626505541221297,-0.017308701038424,-11.0528196286778,-6.19784732811267,-3.37836079525263,2.76359236757348,FE名古屋,B1,西,17,-0.0459857809266457,60,18,42,4800,5071,-271,1,1,1,1,0,0,1,1,0,0,0,0,2,1,0,0,0,2,1,1,1,2,1,0,0,1,0,0,0,0,0,0,0,0,0,0,0,0,0,0,0,0,-7.11182563830907e-05,0.00114603232225805,0.00107491406587496,-1.42236514199775e-05,0.000229206937026174,0.000214983285606197
30400,721,0,Ryo Terashima,寺嶋 良,0.544038509197881,1438,1291,0.0508251814832236,0.0610645234853028,1.83378988185917,4.19497261637162,9.50824871528434,13.1564123120578,広島,B1,西,23,0.0255705601357745,60,31,29,5160,5044,116,0,2,2,1,1,2,2,1,1,1,1,2,1,0,1,0,1,0,4,2,2,1,0,2,1,0,0,0,0,0,0,0,0,0,0,0,0,0,0,0,0,0,1.32588415220407,1.39430839378533,2.72019254598941,0.268657461547283,0.283929433622323,0.552586895169606
55000567,701,77,Ryunosuke Satori,佐取 龍之介,8.79473114491956e-05,19,14,-0.159794581313134,-0.0408612925359156,-22.0847564388975,-9.32108034738595,-14.4102976054723,-0.359640651699799,琉球,B1,西,26,0.0853022879726953,60,42,18,4931,4502,429,2,0,2,2,1,1,2,2,2,2,2,3,0,3,2,1,1,0,1,2,2,2,2,4,1,0,0,0,0,0,0,0,0,0,0,0,0,0,0,0,1,0.13,0.000628835825897218,-0.00018909926865124,0.000439736557245978,0.000125769242234709,-3.78199577572412e-05,8.79492844774674e-05
51000564,704,13,Kotaro Fukami,深水 虎太郎,0.000318037505717958,24,24,-0.14073935869819,-0.226146767377835,-19.9207941462967,-33.8911881879453,-12.2463353128715,-24.9297484922592,千葉J,B1,東,9,0.0916770686840847,60,42,18,5060,4610,450,1,2,2,1,2,2,2,3,0,2,4,2,2,2,0,1,2,1,1,2,2,2,3,1,0,0,0,0,0,0,0,0,0,0,0,0,0,0,0,0,1,0.393,0.000583534426316407,0.00100665310227338,0.00159018752858979,0.000116707925457304,0.000201335960788236,0.00031804388624554
51000566,700,51,Koshiro Asai,浅井 弘士郎,5.53001272449717e-05,5,8,-0.20196827755852,-0.0724968012285587,-26.8741147297342,-13.5161628860057,-19.199655896309,-4.55472319031951,大阪,B1,西,21,-0.028720769058835,60,23,37,4868,4988,-120,1,0,1,0,0,0,3,1,0,0,1,2,1,3,1,0,3,0,1,1,0,1,2,1,0,0,0,0,0,0,0,0,0,0,0,0,0,0,0,0,0,0,0.000298116155708085,-2.16155194832267e-05,0.000276500636224858,5.9626427013395e-05,-4.32310437247524e-06,5.53033226409198e-05
51000457,1638,8,Rui Todoroki,轟 琉維,0.0941513944537568,731,719,0.0609745615523112,-0.0426638905602673,2.9863807597824,-9.56011704407947,10.6608395932076,-0.598677348393318,佐賀,B1,西,24,0.0125217426662215,60,32,28,4938,4903,35,1,1,2,1,0,1,1,2,1,2,1,2,2,2,1,0,2,2,3,1,1,3,0,0,0,0,0,0,0,0,0,0,0,0,0,0,0,0,0,0,0,0,0.360578642491161,0.110178329777623,0.470756972268784,0.0723820564298218,0.0220434721943237,0.0944255286241454
51000562,703,21,Shin Matsumoto,松本 秦,-0.000107690082818683,15,7,-0.0685161987883896,0.139271164047103,-11.7189380013715,14.5657024001861,-4.04447916794631,23.5271420958723,宇都宮,B1,東,5,0.0739954279488025,60,45,15,5130,4801,329,2,1,2,2,0,2,2,2,2,2,2,2,2,2,1,2,2,2,2,2,2,2,1,2,1,1,0,0,0,0,0,0,0,0,0,0,0,0,0,0,1,1,6.60256703072562e-05,-0.00060447608440067,-0.000538450414093414,1.32051379187679e-05,-0.000120908811302071,-0.000107703673383303
51000451,693,11,Haruki Naito,内藤 晴樹,0.000921449465368845,179,180,-0.0551860390715508,-0.0440931421462662,-10.2051292380477,-9.74964547651187,-2.53067040462256,-0.788205780825722,秋田,B1,東,3,-0.154130698701409,60,10,50,4396,5132,-736,0,0,0,0,0,0,2,0,0,0,0,1,1,0,0,2,1,0,1,1,1,0,0,0,0,0,0,0,0,0,0,0,0,0,0,0,0,0,0,0,0,0,6.57586377193721e-05,0.00454148868912485,0.00460724732684423,1.31517275705356e-05,0.000908306455238333,0.000921458182808869
55000123,693,13,Eijiro Ogawa,小川 瑛次郎,0.0272898450005016,403,400,0.0463133026979648,-0.0224027406460428,1.32140880096699,-6.8733514528157,8.99586763439216,2.08808824287045,秋田,B1,東,3,-0.154130698701409,60,10,50,4396,5132,-736,0,0,0,0,0,0,2,0,0,0,0,1,1,0,0,2,1,0,1,1,1,0,0,0,0,0,0,0,0,0,0,0,0,0,0,0,0,0,0,0,0,0,0.088011791864624,0.0484374331378841,0.136449225002508,0.0176150323606858,0.00968962916781509,0.0273046615285009
8835,704,34,Jeff Gibbs,ジェフ・ギブス,0.062186724352033,370,411,0.104155344756884,0.139736104299502,7.89010655233181,14.6273566240297,15.564565385757,23.5887963197158,千葉J,B1,東,9,0.0916770686840847,60,42,18,5060,4610,450,1,2,2,1,2,2,2,3,0,2,4,2,2,2,0,1,2,1,1,2,2,2,3,1,0,0,0,0,0,0,0,0,0,0,0,0,0,0,0,0,1,0.393,0.11403776297748,0.196895858782685,0.310933621760165,0.0228403025086593,0.0395162949902181,0.0623565974988775
51000576,704,42,Quentin Millora-Brown,クエンティン・ミロラ・ブラウン,0.0969077691651155,739,691,-0.0652698627407981,0.109072922123838,-11.350275355017,10.5612111615558,-3.67581652159182,19.5226508572419,千葉J,B1,東,9,0.0916770686840847,60,42,18,5060,4610,450,1,2,2,1,2,2,2,3,0,2,4,2,2,2,0,1,2,1,1,2,2,2,3,1,0,0,0,0,0,0,0,0,0,0,0,0,0,0,0,0,1,0.393,-0.0303566862078402,0.514895532033418,0.484538845825578,-0.0060714917046553,0.103854570458017,0.0977830787533616
51000259,745,11,Kai Sotto,カイ・ソット,1.33478166797116,1988,2120,0.100359487860497,0.0343874458076521,7.45903884150647,0.657411585372961,15.1334976749316,9.61885128105911,越谷,B1,東,7,-0.087462486071331,60,21,39,4543,4926,-383,1,2,0,4,0,0,0,0,0,0,1,3,1,2,2,1,1,0,0,1,1,0,0,1,0,0,0,0,0,0,0,0,0,0,0,0,0,0,0,0,0,0,3.60895642070428,3.06495191915151,6.67390833985579,0.761307133980507,0.633500629573144,1.39480776355365
51000482,713,12,Shori Togaeri,十返 翔里,0.000236159144825836,78,78,0.0473467718543947,0.0696308133776649,1.43877233590289,5.33092062648089,9.11323116932806,14.292360322167,群馬,B1,東,6,0.126812213653886,60,42,18,4990,4381,609,2,2,2,3,2,0,2,2,0,2,2,3,2,1,2,1,2,2,2,2,2,2,0,1,0,1,0,0,0,0,0,0,0,0,0,0,0,0,0,0,1,0.607,0.000482612295814432,0.00069818342831475,0.00118079572412918,9.65225148733476e-05,0.000139636854337863,0.000236159369211211
51000578,2486,1,Marial Shayok,マリアル・シャヨク,0.0960834857373231,777,782,-0.0158906442839518,0.0159825861314651,-5.7426385964247,-1.78319735831295,1.93182023700046,7.1782423373732,A千葉,B1,東,8,-0.0657642407339285,60,19,41,4736,5053,-317,0,1,4,0,0,0,2,0,1,0,1,2,0,1,0,0,1,0,0,2,1,1,1,0,1,0,0,0,0,0,0,0,0,0,0,0,0,0,0,0,0,0,0.140332128093561,0.340085300593055,0.480417428686616,0.0280802405795267,0.068212021536459,0.0962922621159857
51000577,694,11,Nagi Sato,佐藤 凪,9.55723985050655e-05,12,16,-0.265157680274579,0.000987457541134301,-34.0500731287868,-3.77165288544922,-26.3756142953617,5.18978681023693,横浜BC,B1,東,13,-0.0372433118107102,60,26,34,4763,4904,-141,0,1,1,4,0,0,3,4,0,1,1,1,0,1,0,1,2,1,1,0,1,0,1,0,0,2,0,0,0,0,0,0,0,0,0,0,0,0,0,0,0,0,0.00091183524236825,-0.000433973249842923,0.000477861992525327,0.000182382926114274,-8.67956126621019e-05,9.55873134521719e-05
27048,720,25,Muusa Dama,ダマ ムッサ,0.0361023989848473,571,666,-0.00343437808311902,-0.0462989062362914,-4.32807152943792,-10.0421447218466,3.34638730398724,-1.08070502616047,島根,B1,西,22,-0.0257083858655258,60,28,32,4770,4868,-98,0,0,2,1,0,0,2,3,0,0,0,1,2,1,1,1,2,1,1,4,1,0,3,1,1,0,0,0,0,0,0,0,0,0,0,0,0,0,0,0,0,0,0.0960245349987938,0.0844874599254425,0.180511994924236,0.0192131018851167,0.0169015935633263,0.036114695448443
8650,703,0,Yuta Tabuse,田臥 勇太,0.00020548834184241,47,52,-0.327421605686717,0.05451911980019,-41.1209318379114,3.32700779322278,-33.4464730044863,12.2884474889089,宇都宮,B1,東,5,0.0739954279488025,60,45,15,5130,4801,329,2,1,2,2,0,2,2,2,2,2,2,2,2,2,1,2,2,2,2,2,2,2,1,2,1,1,0,0,0,0,0,0,0,0,0,0,0,0,0,0,1,1,0.00176965490412154,-0.000742213194909496,0.00102744170921205,0.000353938545970259,-0.000148443094926608,0.000205495451043651
51000581,745,23,Kanta Inada,稲田 貫大,0.000229479720256065,22,26,-0.096985117829293,-0.20282768642051,-14.9519449601729,-30.7989202465267,-7.27748612674768,-21.8374805508405,越谷,B1,東,7,-0.087462486071331,60,21,39,4543,4926,-383,1,2,0,4,0,0,0,0,0,0,1,3,1,2,2,1,1,0,0,1,1,0,0,1,0,0,0,0,0,0,0,0,0,0,0,0,0,0,0,0,0,0,0.00027130853994666,0.000876090061333666,0.00114739860128033,5.42618324055879e-05,0.000175221011729439,0.000229482844135027
51000584,720,2,Hayate Kanayama,金山 颯,-5.26456205722132e-05,3,1,0.070571317963312,0.160479803568744,4.07621420987263,17.3781115253096,11.7506730432978,26.3395512209958,島根,B1,西,22,-0.0257083858655258,60,28,32,4770,4868,-98,0,0,2,1,0,0,2,3,0,0,0,1,2,1,1,1,2,1,1,4,1,0,3,1,1,0,0,0,0,0,0,0,0,0,0,0,0,0,0,0,0,0,-0.000159284171272747,-0.000103943931588318,-0.000263228102861066,-3.1858188319127e-05,-2.0792173642827e-05,-5.2650361961954e-05
51000586,698,2,Junpei Iwashita,岩下 准平,0.0579006703824591,568,592,-0.0231221096694813,0.0368382840481961,-6.56386324075199,0.98240932154903,1.11059559267318,9.94384901723518,滋賀,B1,西,19,-0.0444380745374146,60,23,37,4819,5097,-278,0,1,1,0,2,0,2,2,1,0,1,1,1,2,1,0,1,1,0,2,1,1,0,1,0,1,0,0,0,0,0,0,0,0,0,0,0,0,0,0,0,0,0.0592034160344417,0.230299935877854,0.289503351912296,0.0118426232161883,0.0461655186588683,0.0580081418750566
51000583,712,12,Kento Akama,赤間 賢人,0.0677054309977368,908,978,-0.0766356998060847,-0.00186153923325134,-12.6410103587549,-4.14944913765832,-4.96655152532972,4.81199055802782,茨城,B1,東,4,-0.0645471657974467,60,19,41,4572,4883,-311,0,0,4,0,0,1,0,2,1,0,0,1,0,1,1,0,1,0,2,0,2,1,1,1,0,0,0,0,0,0,0,0,0,0,0,0,0,0,0,0,0,0,-0.102182867800019,0.440710022788702,0.338527154988684,-0.0204404769709042,0.0884133655400064,0.0679728885691022
49996,700,23,Cyril Nesmith II,シリル・ニースミス,0.000925059889193595,212,220,-0.0650866795994868,-0.0492117955846172,-11.3294725851702,-10.4284135617384,-3.65501375174504,-1.46697386605223,大阪,B1,西,21,-0.028720769058835,60,23,37,4868,4988,-120,1,0,1,0,0,0,3,1,0,0,1,2,1,3,1,0,3,0,1,1,0,1,2,1,0,0,0,0,0,0,0,0,0,0,0,0,0,0,0,0,0,0,-0.00182685749671041,0.00645215694267839,0.00462529944596798,-0.000365371908389371,0.0012904481229307,0.000925076214541332
51000533,745,9,Davon Reed,デイボン・リード,0.141556078837769,777,786,0.00110262301385533,0.062004245254836,-3.81283749130909,4.31958608236106,3.86162134211608,13.2810257780472,越谷,B1,東,7,-0.087462486071331,60,21,39,4543,4926,-383,1,2,0,4,0,0,0,0,0,0,1,3,1,2,2,1,1,0,0,1,1,0,0,1,0,0,0,0,0,0,0,0,0,0,0,0,0,0,0,0,0,0,0.20012061575956,0.507659778429284,0.707780394188845,0.040064224360953,0.102177950049883,0.142242174410836
15811,729,14,Takuma Sato,佐藤 卓磨,0.0176618982971453,318,304,-0.00786352694986753,0.0602595910865264,-4.83105757844074,4.08823313310036,2.84340125498442,13.0496728287865,名古屋D,B1,西,18,0.0931491069877643,60,41,19,4973,4502,471,1,1,2,4,0,0,2,2,1,2,2,2,1,4,0,3,2,0,1,3,2,1,2,0,1,2,0,0,0,0,0,0,0,0,0,0,0,0,0,0,1,0,0.0243049769138408,0.0640045145718856,0.0883094914857264,0.0048614235678653,0.0128094682647978,0.0176708918326631
51000585,699,7,Shuma Nishibe,西部 秀馬,0.020384966320751,371,356,0.135435850837047,-0.133101647732556,11.4424048916785,-21.5527756616924,19.1168637251036,-12.5913359660062,京都,B1,西,20,-0.0716791431393028,60,20,40,4479,4874,-395,0,0,1,2,0,2,1,0,0,0,2,1,2,1,1,0,1,1,0,0,3,0,0,1,1,0,0,0,0,0,0,0,0,0,0,0,0,0,0,0,0,0,0.137084210827838,-0.0351593792240829,0.101924831603755,0.0274734896429051,-0.00703291020194835,0.0204405794409567
5100000022,727,11,Reoto Yonesu,米須 玲音,0.343624983356774,1225,1157,0.0662847834696115,-0.00163355540586703,3.58942383236078,-4.11921693931944,11.2638826657859,4.84222275636671,川崎,B1,東,12,-0.0975650501949427,60,16,44,4554,5042,-488,1,0,1,1,0,1,1,0,0,0,1,0,3,1,0,0,2,0,1,1,0,1,0,0,0,1,0,0,0,0,0,0,0,0,0,0,0,0,0,0,0,0,1.09317337638268,0.624951540401189,1.71812491678387,0.221318722491764,0.125544561928359,0.346863284420124
51000240,727,60,Shuntaro Buto,武藤 俊太朗,0.00090912213950721,86,97,0.0419560460514349,0.125341344977544,0.826587025708341,12.7185141247395,8.50104585913351,21.6799538204257,川崎,B1,東,12,-0.0975650501949427,60,16,44,4554,5042,-488,1,0,1,1,0,1,1,0,0,0,1,0,3,1,0,0,2,0,1,1,0,1,0,0,0,1,0,0,0,0,0,0,0,0,0,0,0,0,0,0,0,0,0.000934765873710215,0.00361084482382584,0.00454561069753605,0.000186953507741298,0.000722184052703452,0.00090913756044475
51000590,2488,32,Lucas Tanaka,田中 流嘉州,-9.11377300135878e-07,60,54,-0.0601743955105528,-0.0756233673549789,-10.7716204018711,-13.9307667126808,-3.09716156844595,-4.96932701699467,長崎,B1,西,25,0.128515503599294,60,47,13,5472,4782,690,1,2,2,2,1,2,2,1,2,0,4,2,2,2,2,1,4,1,2,3,2,1,3,2,0,1,0,0,0,0,0,0,0,0,0,0,0,0,0,0,1,1,1.48234982491322e-05,-1.93803847498116e-05,-4.55688650067939e-06,2.96469965249027e-06,-3.87607695751924e-06,-9.11377305028972e-07
51000588,745,13,Haruki Hori,堀 陽稀,-0.00015079382829746,110,90,-0.0701144932619404,-0.106543578073325,-11.9004446173332,-18.0309958992954,-4.22598578390806,-9.06955620360927,越谷,B1,東,7,-0.087462486071331,60,21,39,4543,4926,-383,1,2,0,4,0,0,0,0,0,0,1,3,1,2,2,1,1,0,0,1,1,0,0,1,0,0,0,0,0,0,0,0,0,0,0,0,0,0,0,0,0,0,-0.000420121457349027,-0.000333847684138271,-0.000753969141487298,-8.40243099485138e-05,-6.67695506789441e-05,-0.000150793860627458
51000464,696,14,Towa Izumi,泉 登翔,0.228786304646335,927,957,0.0487736430178071,0.0340131021554915,1.60081166005135,0.607771083812533,9.27527049347652,9.56921077949868,富山,B1,西,14,-0.0788465115089564,60,18,42,4908,5314,-406,1,1,2,1,0,1,0,1,0,0,0,1,1,0,0,0,1,0,2,1,1,1,2,0,0,1,0,0,0,0,0,0,0,0,0,0,0,0,0,0,0,0,0.529899104122226,0.61403241910945,1.14393152323168,0.106506662034499,0.123577456613833,0.230084118648332
52433,702,20,Jordan Ngatai,ジョーダン・ナタイ,0.306403767685047,1231,1318,0.0572633645843738,-0.0312148735931992,2.56492725796222,-8.04189991567661,10.2393860913874,0.919539780009543,北海道,B1,東,1,0.0199239473702146,60,37,23,5298,5204,94,0,2,2,2,2,2,1,2,1,1,3,1,2,3,0,0,1,1,2,2,1,2,2,1,1,0,0,0,0,0,0,0,0,0,0,0,0,0,0,0,0,0,1.02429178638336,0.507727052041874,1.53201883842523,0.207038429089209,0.101773533255277,0.308811962344486
51000589,721,14,Ryusei Sako,佐古 竜誠,0.000145748966015869,82,99,0.0216880529068751,-0.0698456496400304,-1.47510074765439,-13.1646022443127,6.19935808577078,-4.20316254862654,広島,B1,西,23,0.0255705601357745,60,31,29,5160,5044,116,0,2,2,1,1,2,2,1,1,1,1,2,1,0,1,0,1,0,4,2,2,1,0,2,1,0,0,0,0,0,0,0,0,0,0,0,0,0,0,0,0,0,0.000543676277906559,0.000185068552172785,0.000728744830079344,0.000108735327646252,3.70137123846183e-05,0.00014574904003087
51000591,694,6,Gakuto Arai,新井 楽人,0.092504532564141,662,690,0.0321633123396844,0.00873036395836232,-0.285502133359842,-2.74489109619962,7.38895670006532,6.21654859948653,横浜BC,B1,東,13,-0.0372433118107102,60,26,34,4763,4904,-141,0,1,1,4,0,0,3,4,0,1,1,1,0,1,0,1,2,1,1,0,1,0,1,0,0,2,0,0,0,0,0,0,0,0,0,0,0,0,0,0,0,0,0.220755451848105,0.2417672109726,0.462522662820705,0.0442253376076727,0.0484432460280003,0.092668583635673
51000601,704,15,Garrison Brooks,ギャリソン・ブルックス,0.608234294708874,1205,1180,0.115801320301106,0.113172660818512,9.21265483463233,11.1048642565012,16.8871136680575,20.0663039521874,千葉J,B1,東,9,0.0916770686840847,60,42,18,5060,4610,450,1,2,2,1,2,2,2,3,0,2,4,2,2,2,0,1,2,1,1,2,2,2,3,1,0,0,0,0,0,0,0,0,0,0,0,0,0,0,0,0,1,0.393,1.46887538867272,1.57229608487165,3.04117147354437,0.300639370876434,0.323313352668728,0.623952723545162
51000600,693,18,Yori Iwaya,岩屋 頼,0.0589989428244872,506,587,-0.0302763117885719,0.0537774307643392,-7.37631366089121,3.22865480786026,0.298145172533956,12.1900945035464,秋田,B1,東,3,-0.154130698701409,60,10,50,4396,5132,-736,0,0,0,0,0,0,2,0,0,0,0,1,1,0,0,2,1,0,1,1,1,0,0,0,0,0,0,0,0,0,0,0,0,0,0,0,0,0,0,0,0,0,0.0360538393667243,0.258940874755712,0.294994714122436,0.00721131988027929,0.0519409280295814,0.0591522479098607
51000540,712,30,Tim Schneider,ティム・シュナイダー,0.267542055007046,1143,1169,0.0345734588643302,-0.00245053924677071,-0.0117994165578662,-4.22755452537211,7.6626594168673,4.73388517031403,茨城,B1,東,4,-0.0645471657974467,60,19,41,4572,4883,-311,0,0,4,0,0,1,0,2,1,0,0,1,0,1,1,0,1,0,2,0,2,1,1,1,0,0,0,0,0,0,0,0,0,0,0,0,0,0,0,0,0,0,0.706019582384349,0.631690692650884,1.33771027503523,0.142024799151749,0.12689882966971,0.268923628821459
51000603,720,5,Shota Arai,新井 翔太,0.159097144210389,933,1027,0.0142841598211853,-0.0103231095333372,-2.31590674502523,-5.2715106211662,5.35855208839994,3.68992907451995,島根,B1,西,22,-0.0257083858655258,60,28,32,4770,4868,-98,0,0,2,1,0,0,2,3,0,0,0,1,2,1,1,1,2,1,1,4,1,0,3,1,1,0,0,0,0,0,0,0,0,0,0,0,0,0,0,0,0,0,0.360782352566098,0.434703368485849,0.795485721051947,0.0723198113803903,0.0871766762782477,0.159496487658638
51000593,717,11,Hikaru Tsukioka,月岡 熙,0.0469536319697483,460,448,0.0600630010159699,0.0137530104195885,2.88286149538301,-2.07885418584483,10.5573203288082,6.88258550984132,FE名古屋,B1,西,17,-0.0459857809266457,60,18,42,4800,5071,-271,1,1,1,1,0,0,1,1,0,0,0,0,2,1,0,0,0,2,1,1,1,2,1,0,0,1,0,0,0,0,0,0,0,0,0,0,0,0,0,0,0,0,0.133356816738726,0.101411343110015,0.234768159848742,0.0267052373300741,0.0202979594845029,0.0470031968145771
51000599,693,7,Naohide Hotta,堀田 尚秀,-0.00541546431166547,470,513,-0.0663781308657951,-0.089160125369202,-11.4761332618516,-15.7258324322402,-3.80167442842646,-6.76439273655409,秋田,B1,東,3,-0.154130698701409,60,10,50,4396,5132,-736,0,0,0,0,0,0,2,0,0,0,0,1,1,0,0,2,1,0,1,1,1,0,0,0,0,0,0,0,0,0,0,0,0,0,0,0,0,0,0,0,0,0,-0.0128991374670025,-0.0141781840913248,-0.0270773215583273,-0.00257985679056802,-0.00283566947453469,-0.00541552626510271
51000604,1638,11,Futa Takedomi,武富 楓太,-0.000170707951467459,34,31,-0.0617222616039214,0.0408279788687802,-10.947400235449,1.51146985409377,-3.27294140202387,10.4729095497799,佐賀,B1,西,24,0.0125217426662215,60,32,28,4938,4903,35,1,1,2,1,0,1,1,2,1,2,1,2,2,2,1,0,2,2,3,1,1,3,0,0,0,0,0,0,0,0,0,0,0,0,0,0,0,0,0,0,0,0,4.53866640810423e-05,-0.000898926421418339,-0.000853539757337297,9.07733306003824e-06,-0.000179787563520392,-0.000170710230460354
12642,693,27,Angelo Chol,アンジェロ・チョル,0.0520915678863807,697,744,-0.0858078321618527,0.0280473046055918,-13.6826223599215,-0.183334043456839,-6.00816352649631,8.77810565222931,秋田,B1,東,3,-0.154130698701409,60,10,50,4396,5132,-736,0,0,0,0,0,0,2,0,0,0,0,1,1,0,0,2,1,0,1,1,1,0,0,0,0,0,0,0,0,0,0,0,0,0,0,0,0,0,0,0,0,0,-0.0844501699650431,0.344908009396947,0.260457839431904,-0.0168937737366777,0.0692064416058132,0.0523126678691355
51000100,702,29,Max Hisatake,マックス・ヒサタケ,0.294726148447579,944,935,0.150919326460354,-0.00173508127723002,13.2007499965508,-4.13267995691498,20.875208829976,4.82875973877117,北海道,B1,東,1,0.0199239473702146,60,37,23,5298,5204,94,0,2,2,2,2,2,1,2,1,1,3,1,2,3,0,0,1,1,2,2,1,2,2,1,1,0,0,0,0,0,0,0,0,0,0,0,0,0,0,0,0,0,1.07145138574314,0.402179356494751,1.4736307422379,0.218606390299761,0.0806613913760573,0.299267781675819
51000426,2488,44,Mitchell Lightfoot,ミッチェル・ライトフット,0.0503126206659275,413,411,0.104862595299352,0.0377290970574252,7.97042382472737,1.10053715494346,15.6448826581525,10.0619768506296,長崎,B1,西,25,0.128515503599294,60,47,13,5472,4782,690,1,2,2,2,1,2,2,1,2,0,4,2,2,2,2,1,4,1,2,3,2,1,3,2,0,1,0,0,0,0,0,0,0,0,0,0,0,0,0,0,1,1,0.146027131891998,0.105535971437639,0.251563103329638,0.02926066316118,0.0211282145007877,0.0503888776619676
51000592,717,5,Daichi Harima,針間 大知,0.0130289835884257,252,253,0.0243566857187289,0.059282773910901,-1.17204363337432,3.95870056522852,6.50241520005085,12.9201402609147,FE名古屋,B1,西,17,-0.0459857809266457,60,18,42,4800,5071,-271,1,1,1,1,0,0,1,1,0,0,0,0,2,1,0,0,0,2,1,1,1,2,1,0,0,1,0,0,0,0,0,0,0,0,0,0,0,0,0,0,0,0,0.0237001529829346,0.041444764959194,0.0651449179421286,0.00474066284597085,0.00829230897029092,0.0130329718162618
8469,2488,10,Noriyuki Sugasawa,菅澤 紀行,0.000181269196704555,30,18,-0.115744497079433,-0.158334526660229,-17.0823104851637,-24.8988261651636,-9.40785165173857,-15.9373864694775,長崎,B1,西,25,0.128515503599294,60,47,13,5472,4782,690,1,2,2,2,1,2,2,1,2,0,4,2,2,2,2,1,4,1,2,3,2,1,3,2,0,1,0,0,0,0,0,0,0,0,0,0,0,0,0,0,1,1,0.000445775820953188,0.000460570162569588,0.000906345983522776,8.91554609742683e-05,9.21149417581222e-05,0.000181270402732391
51000394,694,21,Maik Kotsar,マイク・コッツァー,0.199704625420167,809,829,0.0331564688520943,0.08523387316402,-0.17271661062233,7.39999194424351,7.50174222280284,16.3614316399297,横浜BC,B1,東,13,-0.0372433118107102,60,26,34,4763,4904,-141,0,1,1,4,0,0,3,4,0,1,1,1,0,1,0,1,2,1,1,0,1,0,1,0,0,2,0,0,0,0,0,0,0,0,0,0,0,0,0,0,0,0,0.340061037694599,0.658462089406238,0.998523127100836,0.068194270873143,0.132967227586468,0.201161498459611
